0,1,2,3,4,5,6,7,8,9,10,11,12,13,14,15,16,17,18
5646000000,5648000000,6221861800,13933,1436303047,0.002571,0.0006351,0.001938,0.001282,0.00135,0.0006752,0.017,0.0001268,0.02127,0.02823,3.546,0.009526,0,0
5646000000,5700000000,6238340468,297,711355,0.01271,0.01163,0.01353,0.0002422,0.0005026,0.01169,0.0001097,7.629e-06,0.06885,0.002857,1.326,0.002276,0,0
5646000000,5700000000,6238340468,931,4477587134,0.03717,0.002716,0.00388,0.0007067,0.0009756,0.003086,0.005409,0.0,0.114,0.05847,1.375,0.001633,0,0
5646000000,5700000000,6238340468,1150,1272155,0.01256,0.01154,0.01274,8.488e-05,0.0002623,0.01164,0.0002584,9.537e-07,0.07812,0.003857,2.368,0.005066,0,0
5646000000,5700000000,6238340468,1387,288806494,0.009674,0.01418,0.01546,0.0001411,0.0004187,0.01422,0.0001678,5.722e-06,0.06714,0.00293,1.671,0.003256,0,0
5646000000,5648000000,6238340468,1474,1436303047,0.008286,0.01305,0.01251,0.0004244,0.0005589,0.01311,0.01518,9.537e-07,0.02744,0.02542,1.484,0.002729,0,0
5646000000,5648000000,6238340468,2363,317497361,0.004272,0.01566,0.01736,0.0002499,0.0005035,0.01566,0.01282,4.768e-06,0.01292,0.01849,1.943,0.004357,0,0
5646000000,5668000000,6238340468,2660,4089288065,0.01279,0.009552,0.01108,0.0001221,0.0002956,0.01013,0.005058,5.722e-06,0.06824,0.03122,2.653,0.006117,0,0
5646000000,5667000000,6238340468,2839,4515745332,0.009155,0.01524,0.01552,6.104e-05,0.0003233,0.01526,1.335e-05,4.768e-06,0.0647,7.153e-05,2.46,0.005176,0,0
5646000000,5700000000,6251277720,188,4859598621,0.0506,0.009521,0.01071,0.0002203,0.0003214,0.009705,0.0001888,2.861e-06,0.06061,0.003784,2.995,0.004349,0,0
5646000000,5700000000,6251277720,1457,4469949093,0.04877,0.008942,0.009674,6.771e-05,0.0001955,0.009033,2.956e-05,2.861e-06,0.06567,0.001499,3.751,0.005763,0,0
5646000000,5700000000,6251480205,156,351640488,0.04456,0.03003,0.03104,0.001348,0.001448,0.03021,0.0003033,0.0001478,0.1198,0.005432,2.228,0.003883,0,0
5646000000,5700000000,6251995937,345,294816712,0.04016,0.006828,0.007782,0.001957,0.002151,0.009521,0.02151,0.0,0.06458,0.1335,1.097,0.001051,0,0
5646000000,5700000000,6251995937,571,274593001,0.04132,0.006958,0.007965,0.001965,0.002182,0.009537,0.02237,0.0,0.07214,0.1156,1.59,0.001627,0,0
5646000000,5700000000,6251995937,657,277431430,0.03607,0.006744,0.007828,0.002163,0.002388,0.009705,0.02155,0.0,0.1177,0.07153,0.9616,0.0006501,0,0
5646000000,5700000000,6251995937,890,1270507,0.03107,0.006248,0.007072,0.002151,0.002384,0.00946,0.02112,0.0,0.06226,0.1158,1.875,0.002046,0,0
5646000000,5700000000,6251995937,1021,929574336,0.03827,0.006729,0.007751,0.001886,0.002083,0.009399,0.0209,0.0,0.06177,0.08032,1.096,0.001029,0,0
5646000000,5648000000,6252010250,0,6570572,0.0003443,0.0005064,0.001936,5.722e-05,0.0003099,0.0005064,0.008926,0.0,0.003944,0.01071,4.813,0.01754,0,0
5646000000,5700000000,6252020264,56,284757933,0.009476,0.007874,0.02692,2.575e-05,0.0002337,0.01483,5.722e-06,0.0,0.04163,0.0002146,3.998,0.008474,0,0
5646000000,5700000000,6252020264,63,257330892,0.01283,0.007858,0.02548,0.0003033,0.0005131,0.01451,0.002174,0.0,0.03619,0.05981,2.208,0.005115,0,0
5646000000,5700000000,6252020264,78,257337203,0.01154,0.00666,0.02594,0.0003757,0.0005779,0.01357,0.002476,0.0,0.02542,0.06238,4.601,0.01126,0,0
5646000000,5700000000,6252020264,79,5780372,0.009476,0.00663,0.02609,0.0002441,0.000432,0.01382,0.004829,0.0,0.03094,0.04999,3.518,0.00742,0,0
5647000000,5700000000,4665712499,906,711194,0.02237,0.06122,0.0769,0.001429,0.002079,0.0614,2.384e-05,0.0003786,0.08008,0.0008574,2.35,0.00498,0,0
5647000000,5700000000,4665896876,69,351627512,0.02429,0.06702,0.07727,0.003895,0.004547,0.06714,7.915e-05,0.000371,0.07715,0.001928,2.229,0.004557,0,0
5647000000,5700000000,4665897969,293,400423992,0.2222,0.06921,0.0769,0.003254,0.003902,0.06934,0.0003386,0.0003738,0.4473,0.01193,0.8286,0.0006195,0,0
5647000000,5700000000,5912313637,16,705822,0.004341,0.003281,0.004883,8.488e-05,0.0003185,0.003906,0.002605,0.0,0.0231,0.06024,2.079,0.003918,0,0
5647000000,5660000000,6114773114,950,97964886,0.0003424,0.0,0.0,0.0,0.0,0.0,3.338e-05,0.0,0.001114,0.0002861,3.86,0.01027,0,0
5647000000,5650000000,6218406404,399,97930868,0.001732,0.001013,0.005806,0.0001087,0.0002346,0.001013,2.384e-05,9.537e-07,0.005196,7.153e-05,1.272,0.001481,0,0
5647000000,5657000000,6218406404,436,1469549070,0.0002537,0.0,0.0,0.0,0.0,0.0,6.676e-06,9.537e-07,0.002541,7.153e-05,0.8128,0.0005102,0,0
5647000000,5657000000,6218406404,507,400148209,0.0003157,0.0,0.0,0.0,0.0,0.0,6.676e-06,0.0,0.003162,7.153e-05,10.1,0.02886,0,0
5647000000,5660000000,6218406404,599,97964886,0.01266,0.0,0.0,5.817e-05,5.817e-05,0.0,0.0,9.537e-07,0.04114,0.0,1.198,0.001346,0,0
5647000000,5650000000,6218406404,681,97930868,0.0016,0.0016,0.005798,8.392e-05,0.0008211,0.001604,0.0,0.0,0.004807,0.0,13.26,0.049,0,0
5647000000,5657000000,6218406404,738,1469549070,0.0002708,0.0,0.0,0.0,0.0,0.0,0.0,9.537e-07,0.002705,0.0,0.9507,0.0007845,0,0
5647000000,5653000000,6218406404,816,1436345016,0.005783,0.001286,0.005806,0.0003862,0.0008421,0.001486,0.0,0.0,0.008331,0.0,4.113,0.006355,0,0
5647000000,5648000000,6218406404,817,2596498917,0.0,0.0,0.0,0.0,0.0,0.0,0.0,0.0,0.0,0.0,4.072,0.006628,0,0
5647000000,5653000000,6218406404,888,1436345016,0.008179,0.001118,0.005791,0.0001326,0.0005217,0.00131,1.144e-05,0.0,0.07837,7.153e-05,4.554,0.007831,0,0
5647000000,5651000000,6218406404,895,2912464652,0.003761,0.0007677,0.005806,0.0006218,0.001165,0.0007687,3.529e-05,0.0,0.005463,0.0001431,1.421,0.001476,0,0
5647000000,5657000000,6218406404,947,400148209,0.0005541,0.0,0.0,0.0,0.0,0.0,6.676e-06,0.0,0.005539,7.153e-05,4.293,0.006965,0,0
5647000000,5653000000,6218406404,1103,2644174581,0.03107,0.001648,0.005821,0.0002022,0.0003796,0.001669,0.006462,9.537e-07,0.08154,0.02878,6.93,0.02511,0,0
5647000000,5650000000,6218406404,1472,1807062,0.01128,0.0006342,0.005798,0.0001478,0.0002584,0.000638,2.384e-05,0.0,0.02032,7.153e-05,4.67,0.007705,0,0
5647000000,5650000000,6218406404,1473,1807062,0.01088,0.001207,0.005806,0.0001669,0.0008249,0.001207,2.384e-05,0.0,0.01892,7.153e-05,4.71,0.007824,0,0
5647000000,5660000000,6221861800,1347,97964886,0.0005913,0.0,0.0,0.0,0.0,0.0,0.0001707,0.0001326,0.001923,0.001858,3.637,0.009457,0,0
5647000000,5649000000,6221861800,1447,2644174581,0.000555,0.0005255,0.001942,0.001209,0.001257,0.0005255,0.007607,0.0001326,0.004852,0.008209,4.217,0.01306,0,0
5647000000,5660000000,6221861800,2983,97964886,0.0006981,0.0,0.0,0.0,0.0,0.0,1.144e-05,0.0001297,0.00227,0.0001431,4.001,0.01121,0,0
5647000000,5648000000,6221861800,14619,2596498917,0.0,0.0,0.0,0.0,0.0,0.0,0.0,0.0001268,0.0,0.0,3.184,0.008269,0,0
5647000000,5660000000,6221861800,15292,97964886,0.0005646,0.0,0.0,0.0,0.0,0.0,9.346e-05,0.0001268,0.001835,0.001072,4.02,0.01148,0,0
5647000000,5649000000,6221861800,17627,2644174581,0.0004911,0.0004826,0.001932,0.001135,0.001299,0.0004826,0.007004,0.0001259,0.004692,0.013,4.231,0.01299,0,0
5647000000,5700000000,6226140072,10,4478967491,0.01039,0.07898,0.0813,0.002403,0.002502,0.07898,6.676e-06,9.346e-05,0.06409,0.0001431,2.011,0.004216,0,0
5647000000,5700000000,6238340468,204,1273074,0.01456,0.01204,0.01358,0.0002689,0.0005121,0.01212,8.106e-05,5.722e-06,0.06982,0.001642,1.319,0.002393,0,0
5647000000,5660000000,6238340468,1365,97964886,0.001427,0.0,0.0,0.0,0.0,0.0,8.774e-05,0.0,0.004631,0.0009289,2.668,0.00561,0,0
5647000000,5700000000,6238340468,1570,1271021,0.0108,0.01353,0.01549,0.0002995,0.0005398,0.01364,3.624e-05,5.722e-06,0.06836,0.0005713,1.267,0.001597,0,0
5647000000,5650000000,6249832520,14,2912464652,0.01852,0.009659,0.01164,0.000104,0.000227,0.009689,0.0153,0.0,0.06262,0.01727,0.744,0.000215,0,0
5647000000,5663000000,6251812952,751,4302713401,0.001644,0.001583,0.0,0.0,0.0,0.02533,0.0008926,0.0,0.02631,0.01428,1.422,0.002296,0,0
5647000000,5700000000,6251995937,932,6607995,0.02927,0.006271,0.007675,0.002087,0.002323,0.009415,0.02216,0.0,0.06958,0.1262,1.103,0.0003288,0,0
5647000000,5700000000,6251995937,1011,294771759,0.03864,0.007095,0.008133,0.002201,0.002399,0.01022,0.02359,0.0,0.06042,0.07141,1.372,0.001368,0,0
5647000000,5700000000,6252020538,11,660272,0.007515,0.00663,0.01987,0.0002394,0.0005426,0.01324,0.002148,0.0,0.01724,0.06055,3.561,0.007294,0,0
5648000000,5649000000,5664371117,195,2372872938,0.0,0.0001135,0.001938,0.0002289,0.0003376,0.0001135,0.006355,9.537e-07,0.0,0.006355,25.84,0.1156,0,0
5648000000,5653000000,6218406404,472,4116839605,0.00119,0.001637,0.005791,9.918e-05,0.0004425,0.001637,0.0,9.537e-07,0.00174,0.0,1.846,0.002509,0,0
5648000000,5651000000,6218406404,610,2372872938,0.01219,0.001652,0.005821,0.0001011,0.0002155,0.001673,0.003906,9.537e-07,0.03894,0.01172,21.79,0.09559,0,0
5648000000,5650000000,6218406404,729,38649400,0.0,0.0,0.0,0.0,0.0,0.0,0.0,9.537e-07,0.0,0.0,1.724,0.002494,0,0
5648000000,5653000000,6218406404,866,4116839605,0.005959,0.000864,0.005806,0.0003166,0.0008831,0.0008688,4.292e-05,0.0,0.00824,0.0002146,1.472,0.001798,0,0
5648000000,5650000000,6218406404,1180,38649400,0.0,0.0,0.0,0.0,0.0,0.0,0.0,0.0,0.0,0.0,5.199,0.01193,0,0
5648000000,5650000000,6221861800,241,2372872938,0.001568,0.0004768,0.001934,0.001238,0.001316,0.0004768,0.01086,0.0001345,0.01347,0.01428,4.113,0.01154,0,0
5648000000,5650000000,6221861800,1050,2372872938,0.001528,0.0005913,0.001938,0.001215,0.001259,0.0005913,0.01282,0.0001335,0.01271,0.01907,4.141,0.01071,0,0
5648000000,5660000000,6221861800,13236,317497361,0.001032,0.0,0.0,0.0,0.0,0.0,6.58e-05,0.0001278,0.01237,0.0005713,1.141,0.00154,0,0
5648000000,5660000000,6221861800,13933,1436303047,0.0005875,0.0,0.0,0.0,0.0,0.0,5.722e-06,0.0001268,0.00705,7.153e-05,3.546,0.009526,0,0
5648000000,5700000000,6221861800,17100,905559,0.08557,0.0136,0.01402,0.01129,0.01135,0.01733,0.04993,4.292e-05,0.2627,0.1226,3.074,0.004686,0,0
5648000000,5700000000,6238340468,674,8055717,0.01129,0.01353,0.0155,0.0001593,0.0004158,0.01364,0.0001154,5.722e-06,0.06934,0.001572,3.159,0.007534,0,0
5648000000,5660000000,6238340468,1474,1436303047,0.0008583,0.0,0.0,0.0,0.0,0.0,2.956e-05,9.537e-07,0.0103,0.0003567,1.484,0.002729,0,0
5648000000,5700000000,6238340468,1626,4302673458,0.009872,0.02377,0.02512,0.0001726,0.0004263,0.0239,0.0001535,5.722e-06,0.06787,0.002857,1.482,0.002836,0,0
5648000000,5660000000,6238340468,2027,788288809,0.001001,0.0,0.0,0.0,0.0,0.0,1.812e-05,5.722e-06,0.01202,0.0002146,1.494,0.002415,0,0
5648000000,5682000000,6238340468,2031,717270,0.007965,0.01947,0.0213,0.0002756,0.0003939,0.01956,0.0002117,5.722e-06,0.04041,0.003857,5.472,0.01306,0,0
5648000000,5660000000,6238340468,2325,788288809,0.0005541,0.0,0.0,0.0,0.0,0.0,4.196e-05,9.537e-07,0.006653,0.0004997,1.625,0.002709,0,0
5648000000,5660000000,6238340468,2363,317497361,0.003345,0.0,0.0,0.0,0.0,0.0,0.0001488,4.768e-06,0.04016,0.001286,2.031,0.004547,0,0
5648000000,5650000000,6238340468,2656,257347150,0.0,0.0,0.0,0.0,0.0,0.0,0.0,9.537e-07,0.0,0.0,14.25,0.04863,0,0
5648000000,5650000000,6249834537,312,257347150,0.0,0.0,0.0,0.0,0.0,0.0,0.0,0.0,0.0,0.0,0.6998,0.0004218,0,0
5648000000,5700000000,6251480205,144,1095432,0.02454,0.02954,0.03094,0.001333,0.001431,0.02963,0.0002117,0.0001802,0.04291,0.001785,2.81,0.004428,0,0
5648000000,5700000000,6251995937,229,3454829863,0.03497,0.006577,0.007607,0.002132,0.002327,0.00972,0.02597,0.0,0.05927,0.07935,1.263,0.0009438,0,0
5648000000,5700000000,6251995937,624,336038551,0.03882,0.007004,0.007828,0.002113,0.002323,0.009567,0.02283,0.0,0.06128,0.07874,1.074,0.0002484,0,0
5648000000,5661000000,6252010250,0,6570572,0.0007801,0.0,0.0,0.0,0.0,0.0,0.0001373,0.0,0.01015,0.001785,4.813,0.01754,0,0
5648000000,5649000000,6252017657,9,706380,0.0,0.0,0.0,0.0,0.0,0.0,0.0,3.815e-06,0.0,0.0,0.9063,0.0001435,0,0
5648000000,5700000000,6252020264,74,38649400,0.01237,0.008118,0.03052,0.0003281,0.0005245,0.01807,0.00246,0.0,0.02441,0.04285,4.216,0.00962,0,0
5648000000,5700000000,6252020264,81,257347150,0.01149,0.005989,0.02448,0.0002642,0.0004606,0.01233,0.003307,0.0,0.02386,0.04395,4.836,0.01173,0,0
5649000000,5700000000,4665712499,532,3209192306,0.01743,0.06158,0.07715,0.004509,0.005157,0.06183,6.485e-05,0.0003853,0.05487,0.002857,4.176,0.0116,0,0
5649000000,5700000000,4665896876,258,1092771,0.01761,0.0675,0.07678,0.0008097,0.001457,0.06763,6.294e-05,0.0003853,0.05096,0.002499,4.983,0.01456,0,0
5649000000,5662000000,5664371117,195,2372872938,0.0002394,0.0,0.0,0.0,0.0,0.0,3.529e-05,9.537e-07,0.003109,0.0002146,1.387,0.002462,0,0
5649000000,5651000000,6218406404,32,854237645,0.0,0.0,0.0,0.0,0.0,0.0,0.0,9.537e-07,0.0,0.0,1.194,0.00107,0,0
5649000000,5700000000,6221861800,872,711368,0.05804,0.01379,0.01427,0.01147,0.01166,0.0174,0.0307,2.48e-05,0.166,0.1246,2.894,0.004684,0,0
5649000000,5662000000,6221861800,1447,2644174581,0.00106,0.0,0.0,0.0,0.0,0.0,1.621e-05,0.0001326,0.01379,0.0001431,1.142,0.001654,0,0
5649000000,5700000000,6221861800,15181,705824,0.07104,0.01266,0.01315,0.01044,0.0105,0.01736,0.03656,3.052e-05,0.1782,0.1185,2.86,0.004505,0,0
5649000000,5700000000,6221861800,16160,610044506,0.06543,0.01024,0.01093,0.007996,0.008057,0.01736,0.0329,2.003e-05,0.1785,0.08569,2.874,0.004394,0,0
5649000000,5662000000,6221861800,17627,2644174581,0.001194,7.629e-06,0.0,0.0001011,0.0001011,0.000102,5.722e-06,0.0001259,0.01552,7.153e-05,1.153,0.001619,0,0
5649000000,5700000000,6238340468,270,1093201,0.01012,0.009415,0.009644,3.719e-05,0.000308,0.009445,6.294e-05,5.722e-06,0.0697,0.001572,8.542,0.02422,0,0
5649000000,5651000000,6238340468,731,854237645,0.0,0.0,0.0,0.0,0.0,0.0,0.0,9.537e-07,0.0,0.0,1.395,0.001204,0,0
5649000000,5671000000,6238340468,1016,4868193536,0.006927,0.01492,0.01552,0.0001249,0.0003862,0.01494,2.861e-06,4.768e-06,0.01639,7.153e-05,1.896,0.004874,0,0
5649000000,5700000000,6238340468,1966,227460662,0.03448,0.002895,0.00362,0.0007219,0.0009899,0.003265,0.004631,0.0,0.09827,0.06543,1.901,0.003534,0,0
5649000000,5691000000,6238340468,2445,4246497242,0.01375,0.01465,0.01546,0.0002193,0.0004826,0.01468,8.869e-05,4.768e-06,0.07178,0.001715,2.703,0.005389,0,0
5649000000,5700000000,6249834537,259,280273859,0.01476,0.003151,0.00473,0.0004988,0.0007753,0.008438,0.01271,0.0,0.09192,0.05731,0.6497,0.0003162,0,0
5649000000,5700000000,6251995937,682,38689981,0.03784,0.006683,0.007751,0.002029,0.002243,0.009674,0.02338,0.0,0.0658,0.06592,0.8478,0.000388,0,0
5649000000,5700000000,6251995937,1176,231519743,0.03192,0.006554,0.007683,0.00219,0.002422,0.009995,0.02264,0.0,0.07776,0.06787,1.067,0.000303,0,0
5649000000,5650000000,6252009697,19,295000406,0.0,0.0,0.0,0.0,0.0,0.0,0.0,0.0,0.0,0.0,5.214,0.02236,0,0
5649000000,5700000000,6252020538,10,317472218,0.01372,0.006027,0.01959,0.0002413,0.0005445,0.01219,0.002583,0.0,0.03241,0.05377,5.102,0.01124,0,0
5650000000,5700000000,4665897969,253,317495557,0.1731,0.06763,0.07715,0.00666,0.007309,0.06775,0.0001774,0.0003777,0.3599,0.005714,0.9099,0.001049,0,0
5650000000,5700000000,5567180387,66,431039295,0.000392,0.0009232,0.001923,0.000308,0.0006628,0.0009718,0.002991,0.0,0.009796,0.06384,20.36,0.1056,0,0
5650000000,5661000000,6218406404,399,97930868,0.0004234,0.0,0.0,0.0,0.0,0.0,2.575e-05,9.537e-07,0.004654,0.0002861,1.272,0.001481,0,0
5650000000,5652000000,6218406404,674,4195709955,0.0,0.0,0.0,0.0,0.0,0.0,0.0,9.537e-07,0.0,0.0,11.11,0.03782,0,0
5650000000,5661000000,6218406404,681,97930868,0.0003843,0.0,0.0,0.0,0.0,0.0,6.676e-06,0.0,0.004234,7.153e-05,13.26,0.049,0,0
5650000000,5666000000,6218406404,1355,567596,0.0007896,0.0,0.0,0.0,0.0,0.0,0.0,0.0,0.01263,0.0,5.789,0.01353,0,0
5650000000,5666000000,6218406404,1356,567596,0.0009098,0.0,0.0,0.0,0.0,0.0,0.0,0.0,0.01456,0.0,5.831,0.01378,0,0
5650000000,5652000000,6218406404,1417,4195709955,0.0,0.0,0.0,0.0,0.0,0.0,0.0,9.537e-07,0.0,0.0,12.7,0.0455,0,0
5650000000,5662000000,6218406404,1472,1807062,0.0009842,0.0,0.0,0.0,0.0,0.0,0.0,0.0,0.0118,0.0,4.759,0.007933,0,0
5650000000,5662000000,6218406404,1473,1807062,0.001068,0.0,0.0,0.0,0.0,0.0,0.0,0.0,0.01282,0.0,4.803,0.00799,0,0
5650000000,5662000000,6221861800,241,2372872938,0.0009642,0.0,0.0,0.0,0.0,0.0,0.0,0.0001345,0.01157,0.0,1.079,0.001219,0,0
5650000000,5662000000,6221861800,1050,2372872938,0.0008936,9.537e-06,0.0,0.0,0.0,0.0001173,1.621e-05,0.0001335,0.01073,0.0002146,1.132,0.001341,0,0
5650000000,5700000000,6221861800,11087,6608773,0.06555,0.01227,0.01274,0.00972,0.009781,0.0174,0.03656,2.766e-05,0.1694,0.05914,3.083,0.004491,0,0
5650000000,5700000000,6221861800,13820,772724970,0.0708,0.01308,0.01355,0.01056,0.01062,0.01703,0.04132,3.529e-05,0.1707,0.1068,1.078,0.001333,0,0
5650000000,5700000000,6221861800,17261,6639236,0.06384,0.01248,0.01297,0.01003,0.01009,0.01733,0.03625,2.67e-05,0.1819,0.113,3.02,0.004678,0,0
5650000000,5700000000,6238340468,704,4303397519,0.01108,0.007164,0.007729,9.441e-05,0.0003452,0.007523,0.000494,3.815e-06,0.07886,0.008072,1.381,0.00279,0,0
5650000000,5700000000,6238340468,1021,3539631232,0.0108,0.01074,0.01163,4.005e-05,8.869e-05,0.01083,6.39e-05,5.722e-06,0.0686,0.002144,1.159,0.001371,0,0
5650000000,5700000000,6238340468,1058,336035825,0.03607,0.003006,0.00375,0.0007324,0.0009995,0.003368,0.005615,0.0,0.09949,0.06726,3.798,0.007538,0,0
5650000000,5700000000,6238340468,1814,564440238,0.03369,0.002693,0.003841,0.0007086,0.000968,0.00309,0.00515,0.0,0.1187,0.06335,1.526,0.002396,0,0
5650000000,5700000000,6238340468,2133,1918728792,0.03613,0.002842,0.003822,0.0007362,0.001009,0.00317,0.004608,0.0,0.1213,0.06226,8.929,0.02051,0,0
5650000000,5700000000,6238340468,2189,54,0.03723,0.002617,0.003872,0.0007086,0.0009661,0.003132,0.005501,0.0,0.1046,0.05133,4.096,0.009494,0,0
5650000000,5700000000,6238340468,2656,1274445,0.0354,0.002777,0.00388,0.0007172,0.0009899,0.003067,0.004051,0.0,0.108,0.06421,6.36,0.01414,0,0
5650000000,5661000000,6249832520,14,2912464652,0.008636,0.0008821,0.0,0.0,0.0,0.009705,1.144e-05,0.0,0.06134,0.0001431,0.744,0.000215,0,0
5650000000,5700000000,6249834537,544,1673012961,0.0007305,0.001497,0.001917,0.0007496,0.001179,0.001598,0.005203,0.0,0.0152,0.06409,20.65,0.08278,0,0
5650000000,5700000000,6251277720,126,1207736640,0.04425,0.009018,0.009659,0.0002794,0.0003996,0.009109,5.722e-06,2.861e-06,0.06091,0.0002146,3.84,0.005756,0,0
5650000000,5700000000,6251995937,408,1094922,0.03864,0.006859,0.007874,0.002155,0.002369,0.009811,0.0231,0.0,0.06824,0.07019,1.03,0.0009324,0,0
5650000000,5700000000,6251995937,600,257495715,0.03674,0.006462,0.007607,0.001768,0.001961,0.009293,0.02188,0.0,0.06134,0.07666,1.442,0.001623,0,0
5650000000,5700000000,6251995937,738,1093077,0.04089,0.006996,0.008118,0.002144,0.002365,0.01009,0.02515,0.0,0.0647,0.07483,1.252,0.0009217,0,0
5650000000,5700000000,6251995937,838,662212,0.03589,0.006828,0.007744,0.002209,0.002407,0.01006,0.02267,0.0,0.05951,0.09399,1.13,0.0004539,0,0
5650000000,5665000000,6252007996,0,1338868,0.0003967,5.722e-05,0.0,0.0,0.0,0.0004282,2.861e-05,9.537e-07,0.005951,0.0004282,3.423,0.009566,0,0
5650000000,5651000000,6252009697,12,339408575,0.0,0.0,0.0,0.0,0.0,0.0,0.0,0.0,0.0,0.0,1.831,0.00488,0,0
5650000000,5651000000,6252009697,28,422091,0.0,0.0,0.0,0.0,0.0,0.0,0.0,0.0,0.0,0.0,5.926,0.0238,0,0
5650000000,5700000000,6252020538,9,351627471,0.01408,0.006042,0.01959,0.000248,0.0005474,0.01207,0.00238,0.0,0.02765,0.05328,2.697,0.006381,0,0
5651000000,5700000000,4665712499,1439,257504348,0.01904,0.06189,0.07715,0.003502,0.00415,0.06213,2.193e-05,0.0003824,0.06738,0.0005713,3.994,0.01098,0,0
5651000000,5700000000,4665896876,188,1687032110,0.0217,0.06677,0.07715,0.001255,0.001904,0.06689,7.915e-05,0.0003672,0.03711,0.002998,3.117,0.007476,0,0
5651000000,5653000000,5402488769,3534,1272044,0.0,0.0,0.0,0.0,0.0,0.0,0.0,0.0,0.0,0.0,23.05,0.1023,0,0
5651000000,5700000000,6114773114,469,38700108,0.00169,0.001459,0.001925,0.0001097,0.00033,0.00172,0.002071,0.0,0.03101,0.04895,5.737,0.02115,0,0
5651000000,5700000000,6184995193,72,30787094,0.06738,0.00602,0.01338,0.0001974,0.0003834,0.006096,4.482e-05,1.717e-05,0.1694,0.0004997,1.746,0.003241,0,0
5651000000,5662000000,6218406404,610,2372872938,0.0005751,2.193e-05,0.0,1.812e-05,1.812e-05,0.0002422,5.722e-06,0.0,0.006325,7.153e-05,2.538,0.005982,0,0
5651000000,5653000000,6218406404,648,1272044,0.0,0.0,0.0,0.0,0.0,0.0,0.0,9.537e-07,0.0,0.0,11.75,0.04379,0,0
5651000000,5674000000,6218406404,778,4217347623,0.0001183,0.0,0.0,0.0,0.0,0.0,0.0,9.537e-07,0.002716,0.0,6.124,0.0184,0,0
5651000000,5664000000,6218406404,878,662210,0.0004063,0.0,0.0,0.0,0.0,0.0,5.722e-06,0.0,0.005287,7.153e-05,4.002,0.006416,0,0
5651000000,5661000000,6218406404,895,2912464652,0.0001612,0.0,0.0,0.0,0.0,0.0,1.335e-05,0.0,0.00161,7.153e-05,1.421,0.001476,0,0
5651000000,5659000000,6221861800,1803,1272044,0.0,0.0,0.0,0.0,0.0,0.0,8.583e-06,0.0001316,0.0,7.153e-05,3.585,0.009684,0,0
5651000000,5700000000,6221861800,5716,1271215,0.05383,0.01178,0.0123,0.009247,0.009399,0.0173,0.02573,1.812e-05,0.1655,0.09644,3.116,0.00497,0,0
5651000000,5700000000,6221861800,12595,4304106559,0.08618,0.01392,0.01436,0.01125,0.01154,0.01718,0.03027,4.387e-05,0.1885,0.04999,3.099,0.004471,0,0
5651000000,5700000000,6221861800,13804,1436495266,0.05206,0.01189,0.01244,0.009674,0.009872,0.01743,0.0329,2.48e-05,0.1406,0.1053,2.508,0.004536,0,0
5651000000,5700000000,6221861800,15930,3895772176,0.04437,0.008316,0.009369,0.006805,0.006866,0.0174,0.02002,9.537e-06,0.1663,0.03705,2.991,0.00453,0,0
5651000000,5700000000,6221861800,16138,708652251,0.06787,0.01297,0.01344,0.01041,0.01045,0.01721,0.04266,3.147e-05,0.1824,0.1134,2.827,0.004541,0,0
5651000000,5653000000,6238340468,1325,1272044,0.0,0.0,0.0,0.0,0.0,0.0,0.0,9.537e-07,0.0,0.0,1.331,0.00223,0,0
5651000000,5700000000,6238340468,2662,38699471,0.01295,0.01463,0.01547,0.0001678,0.0004311,0.01468,5.531e-05,5.722e-06,0.06909,0.001143,1.703,0.003249,0,0
5651000000,5700000000,6249834537,268,82738036,0.0006771,0.001335,0.001938,0.0007,0.001083,0.001579,0.007172,0.0,0.01167,0.03571,1.083,0.001769,0,0
5651000000,5664000000,6249834537,729,662210,0.0006514,0.0,0.0,0.0,0.0,0.0,0.0003128,0.0,0.008469,0.002857,0.7504,0.0003675,0,0
5651000000,5700000000,6251625636,267,418771198,0.1265,0.01685,0.03107,0.000967,0.001463,0.04095,0.01079,0.0,0.2837,0.05859,1.32,0.001441,0,0
5651000000,5700000000,6251949326,118,11230607,0.007507,0.001383,0.00378,0.000123,0.0002356,0.001585,0.0007029,9.537e-07,0.05438,0.02084,0.9128,0.0006768,0,0
5651000000,5660000000,6251974185,790,906880,0.001247,0.0,0.0,0.0,0.0,0.0,7.629e-06,0.0,0.01123,7.153e-05,1.014,0.0008573,0,0
5651000000,5700000000,6251995937,23,288787213,0.03668,0.006973,0.00795,0.002213,0.002449,0.01012,0.02393,0.0,0.0675,0.06348,0.8698,0.0005445,0,0
5651000000,5700000000,6251995937,491,6566734,0.03961,0.00676,0.007828,0.002155,0.002365,0.009674,0.02505,0.0,0.06665,0.0708,1.102,0.001202,0,0
5651000000,5700000000,6251995937,676,38637370,0.03186,0.006119,0.007141,0.001745,0.001945,0.009186,0.0285,0.0,0.06262,0.1235,0.9932,0.0004904,0,0
5651000000,5700000000,6251995937,730,30787094,0.0307,0.005867,0.00679,0.001999,0.002228,0.009598,0.02368,0.0,0.06146,0.06195,1.579,0.001885,0,0
5651000000,5700000000,6251995937,776,288796556,0.03961,0.006577,0.007607,0.001907,0.002129,0.009521,0.02533,0.0,0.06421,0.08533,0.9393,0.0006292,0,0
5651000000,5700000000,6251995937,1199,98990047,0.03577,0.006256,0.007362,0.001715,0.001917,0.009125,0.02338,0.0,0.06226,0.06519,1.586,0.001985,0,0
5651000000,5652000000,6252008056,0,1338868,0.0,0.0,0.0,0.0,0.0,0.0,0.0,9.537e-07,0.0,0.0,22.82,0.1043,0,0
5651000000,5652000000,6252009167,0,1340155,0.0,0.0,0.0,0.0,0.0,0.0,0.0,0.0,0.0,0.0,17.15,0.06726,0,0
5651000000,5652000000,6252009257,0,1340155,0.0,0.0,0.0,0.0,0.0,0.0,0.0,0.0,0.0,0.0,3.567,0.01273,0,0
5651000000,5652000000,6252009697,15,1436344094,0.0,0.0,0.0,0.0,0.0,0.0,0.0,0.0,0.0,0.0,5.452,0.02172,0,0
5652000000,5700000000,5664371117,475,766873236,0.0001163,0.0001984,0.00194,5.913e-05,0.0001526,0.0002031,0.0006294,0.0,0.005165,0.02994,0.8707,0.0007892,0,0
5652000000,5659000000,6218406404,49,3431823797,0.0,0.0,0.0,0.0,0.0,0.0,0.0,9.537e-07,0.0,0.0,12.98,0.04271,0,0
5652000000,5700000000,6218406404,55,257500478,0.003487,0.001251,0.005798,0.0004873,0.0009842,0.001354,0.004402,0.0,0.02808,0.05463,5.04,0.01198,0,0
5652000000,5665000000,6218406404,154,4795997176,0.000206,9.727e-05,0.0,0.0,0.0,0.001265,0.0,0.0,0.002678,0.0,6.146,0.01693,0,0
5652000000,5665000000,6218406404,493,4795997176,0.0003624,3.147e-05,0.0,0.0,0.0,0.0004053,0.0,0.0,0.004715,0.0,10.73,0.03918,0,0
5652000000,5654000000,6218406404,527,370130961,0.0,0.0,0.0,0.0,0.0,0.0,0.0,9.537e-07,0.0,0.0,11.87,0.04211,0,0
5652000000,5660000000,6218406404,531,788288809,0.0003605,0.0,0.0,0.0,0.0,0.0,0.0,9.537e-07,0.002884,0.0,0.9813,0.0008073,0,0
5652000000,5659000000,6218406404,810,3431823797,0.0,0.0,0.0,0.0,0.0,0.0,0.0,9.537e-07,0.0,0.0,1.263,0.002202,0,0
5652000000,5659000000,6218406404,1225,3431823797,0.0,0.0,0.0,0.0,0.0,0.0,0.0,9.537e-07,0.0,0.0,12.64,0.0405,0,0
5652000000,5654000000,6218406404,1343,3230943202,0.0,0.0,0.0,0.0,0.0,0.0,3.529e-05,9.537e-07,0.0,7.153e-05,0.865,0.0001987,0,0
5652000000,5653000000,6221861800,4157,5476673928,0.0,0.0,0.0,0.0,0.0,0.0,0.0,0.0001287,0.0,0.0,3.671,0.01132,0,0
5652000000,5655000000,6221861800,5047,3230943202,0.0,0.0,0.0,0.0,0.0,0.0,0.0,0.0001307,0.0,0.0,2.917,0.007467,0,0
5652000000,5700000000,6221861800,14920,3890239382,0.0675,0.01201,0.0126,0.009506,0.009781,0.01733,0.03204,2.289e-05,0.1699,0.09607,2.973,0.005027,0,0
5652000000,5700000000,6221861800,16874,30788571,0.02649,0.00592,0.006897,0.004204,0.004341,0.0135,0.02728,1.526e-05,0.1587,0.05145,2.338,0.004422,0,0
5652000000,5700000000,6221861800,19448,2595975743,0.06812,0.01346,0.01401,0.01093,0.01103,0.01736,0.04425,3.529e-05,0.1482,0.06604,3.032,0.00484,0,0
5652000000,5700000000,6232605866,11,854287194,0.002308,0.009308,0.01334,0.0004978,0.000596,0.02231,0.0008688,1.431e-05,0.02075,0.0163,2.301,0.004426,0,0
5652000000,5700000000,6238340468,1032,3890239382,0.02859,0.009369,0.01181,0.0004787,0.00072,0.01152,0.00256,5.722e-06,0.1204,0.02441,1.979,0.003655,0,0
5652000000,5654000000,6238340468,1307,370130961,0.0,0.0,0.0,0.0,0.0,0.0,0.0,5.722e-06,0.0,0.0,0.9565,0.001041,0,0
5652000000,5700000000,6238340468,1646,610583527,0.01178,0.01045,0.0116,0.0002851,0.0005331,0.01077,0.0001936,9.537e-07,0.07043,0.003143,1.711,0.003069,0,0
5652000000,5654000000,6238340468,1755,3230943202,0.0,0.0,0.0,0.0,0.0,0.0,0.0,9.537e-07,0.0,0.0,1.678,0.003379,0,0
5652000000,5654000000,6238340468,1847,370130961,0.0,0.0,0.0,0.0,0.0,0.0,0.0,9.537e-07,0.0,0.0,4.92,0.01081,0,0
5652000000,5700000000,6238340468,2251,47970830,0.03394,0.002548,0.003845,0.0006609,0.0009155,0.003128,0.007538,0.0,0.1079,0.05353,2.164,0.004398,0,0
5652000000,5653000000,6249834537,233,284786939,0.0,0.0,0.0,0.0,0.0,0.0,0.0,0.0,0.0,0.0,21.59,0.08662,0,0
5652000000,5700000000,6249834537,360,38663832,0.0007439,0.001465,0.002254,0.0007019,0.001106,0.001778,0.007339,0.0,0.01213,0.05841,19.15,0.08049,0,0
5652000000,5700000000,6251949326,29,1335495,0.001909,0.001047,0.00189,0.0001278,0.0003834,0.001091,1.526e-05,9.537e-07,0.01076,0.0001431,10.53,0.03621,0,0
5652000000,5653000000,6251974185,65,1698267,0.0,0.0,0.0,0.0,0.0,0.0,0.0,0.0,0.0,0.0,1.001,0.0009168,0,0
5652000000,5668000000,6251974185,503,854812624,0.000658,4.101e-05,0.0,0.0,0.0,0.000659,2.67e-05,0.0,0.01053,0.0003567,3.766,0.01233,0,0
5652000000,5700000000,6251995937,989,904601,0.04028,0.006668,0.007782,0.002045,0.002247,0.009918,0.02457,0.0,0.06421,0.1353,0.972,0.0006903,0,0
5652000000,5700000000,6252020264,80,3431823797,0.01691,0.006233,0.02505,0.0002394,0.0004158,0.01305,0.003078,0.0,0.04041,0.05762,1.009,0.001234,0,0
5653000000,5700000000,6183750753,82,1271640,0.01373,0.008072,0.009201,7.82e-05,0.0001869,0.01639,0.009018,0.0,0.0264,0.06433,1.513,0.001581,0,0
5653000000,5700000000,6206862915,625,227438490,0.099,0.04053,0.04272,2.575e-05,8.965e-05,0.04254,0.001276,2.003e-05,0.1816,0.02936,1.241,0.001956,0,0
5653000000,5655000000,6217657595,12,6569446,0.0,0.0,0.0,0.0,0.0,0.0,0.0,0.0,0.0,0.0,1.104,0.001215,0,0
5653000000,5660000000,6218406404,210,1436303047,0.0005445,0.0,0.0,0.0,0.0,0.0,0.0,9.537e-07,0.003815,0.0,12.55,0.04927,0,0
5653000000,5660000000,6218406404,248,317497361,0.0007238,0.0,0.0,0.0,0.0,0.0,0.0,1.907e-06,0.005066,0.0,1.28,0.001635,0,0
5653000000,5654000000,6218406404,372,711390,0.0,0.0,0.0,0.0,0.0,0.0,0.0,9.537e-07,0.0,0.0,12.27,0.04604,0,0
5653000000,5670000000,6218406404,472,4116839605,0.0002155,0.0,0.0,0.0,0.0,0.0,5.436e-05,9.537e-07,0.003662,0.0009289,1.846,0.002509,0,0
5653000000,5655000000,6218406404,616,376216825,0.0,0.0,0.0,0.0,0.0,0.0,0.0,9.537e-07,0.0,0.0,11.88,0.04183,0,0
5653000000,5662000000,6218406404,816,1436345016,0.0008469,0.0,0.0,0.0,0.0,0.0,0.0,0.0,0.007622,0.0,4.249,0.006708,0,0
5653000000,5670000000,6218406404,866,4116839605,0.0005531,0.0,0.0,0.0,0.0,0.0,0.0,0.0,0.009399,0.0,1.472,0.001798,0,0
5653000000,5662000000,6218406404,888,1436345016,0.003838,3.719e-05,0.0,3.433e-05,3.433e-05,0.0003319,0.0,0.0,0.03455,0.0,2.452,0.003457,0,0
5653000000,5655000000,6218406404,981,376216825,0.0,0.0,0.0,0.0,0.0,0.0,0.0,9.537e-07,0.0,0.0,11.9,0.0414,0,0
5653000000,5654000000,6218406404,1009,7731984,0.0,0.0,0.0,0.0,0.0,0.0,0.0,0.0,0.0,0.0,1.37,0.00231,0,0
5653000000,5654000000,6218406404,1010,7731984,0.0,0.0,0.0,0.0,0.0,0.0,0.0,0.0,0.0,0.0,1.377,0.002474,0,0
5653000000,5662000000,6218406404,1103,2644174581,0.005249,5.15e-05,0.0,4.387e-05,4.482e-05,0.0004616,4.005e-05,9.537e-07,0.0473,0.0003567,3.306,0.008534,0,0
5653000000,5655000000,6218406404,1439,6569446,0.0,0.0,0.0,0.0,0.0,0.0,0.0,0.0,0.0,0.0,8.467,0.02329,0,0
5653000000,5654000000,6221861800,7940,771938833,0.0,0.0,0.0,0.0,0.0,0.0,0.0,0.0001287,0.0,0.0,3.44,0.008802,0,0
5653000000,5700000000,6221861800,8948,16914037,0.04907,0.008987,0.009872,0.007401,0.00766,0.01724,0.02234,1.335e-05,0.134,0.04572,2.847,0.004601,0,0
5653000000,5700000000,6221861800,12585,1436293264,0.05676,0.01135,0.01193,0.008881,0.008987,0.01736,0.03314,1.812e-05,0.1594,0.1038,2.521,0.004264,0,0
5653000000,5700000000,6221861800,15118,1436464174,0.05707,0.01118,0.0118,0.008728,0.008804,0.0174,0.02527,1.717e-05,0.146,0.099,3.161,0.005009,0,0
5653000000,5700000000,6221861800,15556,351604751,0.04871,0.009872,0.01051,0.007812,0.007874,0.0174,0.02148,2.289e-05,0.1814,0.07678,2.557,0.004363,0,0
5653000000,5700000000,6238340468,3,6641418,0.01225,0.008713,0.009689,0.0001841,0.0004377,0.008743,5.627e-05,9.537e-07,0.06897,0.001143,1.02,0.00112,0,0
5653000000,5700000000,6238340468,65,4303292790,0.01065,0.0126,0.01357,5.245e-05,0.0001545,0.01268,9.441e-05,5.722e-06,0.06946,0.001999,3.012,0.00699,0,0
5653000000,5700000000,6238340468,241,1095258,0.008926,0.01031,0.01146,6.58e-05,0.0001354,0.01047,0.0001183,4.768e-06,0.08557,0.003143,3.477,0.007461,0,0
5653000000,5655000000,6238340468,898,6641553,0.0,0.0,0.0,0.0,0.0,0.0,3.529e-05,5.722e-06,0.0,7.153e-05,2.136,0.00418,0,0
5653000000,5700000000,6238340468,1125,717233,0.03815,0.00272,0.003872,0.0007162,0.0009804,0.00309,0.004524,0.0,0.1051,0.0578,3.684,0.007886,0,0
5653000000,5654000000,6238340468,1729,711390,0.0,0.0,0.0,0.0,0.0,0.0,0.0,9.537e-07,0.0,0.0,1.073,0.001412,0,0
5653000000,5674000000,6238340468,1731,257330928,0.006981,0.01003,0.01163,0.0002127,0.0004787,0.01003,0.0001431,5.722e-06,0.009598,0.002857,4.601,0.0146,0,0
5653000000,5654000000,6238340468,1743,771938833,0.0,0.0,0.0,0.0,0.0,0.0,0.0,9.537e-07,0.0,0.0,3.116,0.007073,0,0
5653000000,5655000000,6238340468,1867,6641553,0.0,0.0,0.0,0.0,0.0,0.0,0.0,4.768e-06,0.0,0.0,2.73,0.00569,0,0
5653000000,5700000000,6238340468,2015,3938745108,0.01053,0.0103,0.01155,5.627e-05,0.0001507,0.01044,0.0001287,9.537e-07,0.06873,0.001928,2.433,0.005187,0,0
5653000000,5675000000,6238340468,2971,3128124342,0.008301,0.01198,0.01357,0.0001192,0.0003691,0.01202,9.537e-06,5.722e-06,0.06445,0.0001431,1.43,0.002596,0,0
5653000000,5700000000,6251277720,65,1436651652,0.05017,0.008423,0.009644,0.0002041,0.0003834,0.008514,0.0,1.907e-06,0.06677,0.0,2.613,0.002984,0,0
5653000000,5700000000,6251277720,560,227438490,0.04633,0.009995,0.01147,0.0002804,0.0004606,0.01018,0.0,2.861e-06,0.05548,0.0,3.88,0.006078,0,0
5653000000,5700000000,6251277720,861,4477516312,0.04388,0.00885,0.01147,0.0002851,0.0004292,0.009048,1.907e-06,2.861e-06,0.05878,7.153e-05,2.671,0.003645,0,0
5653000000,5700000000,6251277720,1161,2388426106,0.05054,0.009415,0.01012,5.15e-05,0.0001745,0.009811,8.678e-05,2.861e-06,0.06232,0.003284,4.17,0.006084,0,0
5653000000,5700000000,6251277720,1920,927971671,0.052,0.008957,0.009537,0.0001545,0.0003185,0.009033,2.098e-05,1.907e-06,0.07654,0.0007858,3.11,0.004729,0,0
5653000000,5700000000,6251480205,15,1271892,0.04578,0.03033,0.03101,0.001497,0.001593,0.03046,0.0002613,0.0001631,0.06873,0.001858,0.969,0.001264,0,0
5653000000,5700000000,6251480205,130,2357789152,0.04047,0.03006,0.03204,0.001482,0.001591,0.03043,0.0006294,0.0001364,0.06012,0.002785,1.877,0.003026,0,0
5653000000,5700000000,6251699911,231,351639643,0.04022,0.00219,0.00351,0.000246,0.0006266,0.003002,0.005493,0.0,0.1041,0.05695,1.601,0.002346,0,0
5653000000,5700000000,6251995937,8,1093459,0.03741,0.006485,0.007393,0.002075,0.002293,0.009613,0.02399,0.0,0.09021,0.1316,1.377,0.001274,0,0
5653000000,5700000000,6251995937,912,336038666,0.0303,0.006447,0.007339,0.002125,0.002354,0.009415,0.02484,0.0,0.06287,0.06982,1.109,0.001031,0,0
5653000000,5700000000,6251995937,1183,431038265,0.0354,0.006302,0.007271,0.001923,0.002121,0.009506,0.02435,0.0,0.07117,0.1311,1.214,0.001605,0,0
5653000000,5655000000,6252009697,8,63619231,0.0,0.0,0.0,0.0,0.0,0.0,0.0,0.0,0.0,0.0,7.061,0.03237,0,0
5653000000,5700000000,6252020538,1,257338229,0.01459,0.005264,0.01944,1.24e-05,0.0001125,0.01091,1.717e-05,0.0,0.05261,0.0007143,5.889,0.01413,0,0
5653000000,5700000000,6252020538,12,1436357100,0.01338,0.005455,0.01965,0.0002165,0.0005169,0.0112,0.003101,0.0,0.02814,0.0531,1.045,0.001379,0,0
5654000000,5700000000,4665896876,497,257502011,0.02179,0.06702,0.07812,0.007126,0.007774,0.06714,0.0001192,0.0003796,0.08752,0.002998,5.411,0.01735,0,0
5654000000,5700000000,6206862915,450,350027878,0.03955,0.03937,0.04077,0.0002918,0.0004368,0.03943,0.0005369,6.676e-05,0.1227,0.003143,1.399,0.002031,0,0
5654000000,5666000000,6218406404,564,1436314898,0.0004368,0.0001535,0.0,1.621e-05,6.485e-05,0.001846,1.812e-05,9.537e-07,0.005249,0.0002146,10.09,0.0333,0,0
5654000000,5656000000,6218406404,657,612770260,0.0,0.0,0.0,0.0,0.0,0.0,0.0,0.0,0.0,0.0,2.199,0.004055,0,0
5654000000,5666000000,6218406404,717,1436314898,0.0003891,3.242e-05,0.0,1.526e-05,3.242e-05,0.000392,7.153e-05,9.537e-07,0.004669,0.0008574,1.476,0.002704,0,0
5654000000,5656000000,6218406404,1111,3631250831,0.0,0.0,0.0,0.0,0.0,0.0,0.0,0.0,0.0,0.0,4.551,0.007757,0,0
5654000000,5700000000,6221861800,16704,2568523361,0.05414,0.01175,0.0123,0.009598,0.009659,0.01733,0.03345,2.098e-05,0.1279,0.06,2.974,0.00446,0,0
5654000000,5700000000,6238340468,569,3269833998,0.0166,0.01382,0.0155,0.0002079,0.0004625,0.01389,9.632e-05,4.768e-06,0.0708,0.00293,1.383,0.002139,0,0
5654000000,5700000000,6238340468,610,1093819,0.03156,0.0135,0.01538,8.678e-05,0.0003328,0.01361,0.0001583,9.537e-07,0.07825,0.003216,1.147,0.001771,0,0
5654000000,5700000000,6238340468,946,30789464,0.01376,0.008713,0.009644,5.054e-05,0.0002327,0.008881,0.0002966,9.537e-07,0.06763,0.004074,1.292,0.002236,0,0
5654000000,5700000000,6238340468,2006,903759,0.0127,0.009064,0.009674,0.0001745,0.0004358,0.009262,4.673e-05,5.722e-06,0.0686,0.001143,9.65,0.02409,0,0
5654000000,5700000000,6238340468,2628,3938701524,0.0119,0.01247,0.01355,0.0001116,0.00037,0.01253,6.104e-05,5.722e-06,0.07031,0.0008574,1.452,0.002349,0,0
5654000000,5655000000,6251974185,721,4469152847,0.0,0.0,0.0,0.0,0.0,0.0,0.0,0.0,0.0,0.0,1.026,0.0009138,0,0
5654000000,5700000000,6251995937,450,6608659,0.03162,0.005943,0.006966,0.001787,0.002003,0.009048,0.02487,0.0,0.06177,0.06946,1.416,0.001433,0,0
5654000000,5655000000,6252009697,37,1332347,0.0,0.0,0.0,0.0,0.0,0.0,0.0,0.0,0.0,0.0,4.93,0.01999,0,0
5654000000,5700000000,6252020264,72,3631250831,0.01534,0.007439,0.02588,3.624e-05,0.0002232,0.01352,1.717e-05,0.0,0.04163,0.0005713,5.281,0.01198,0,0
5655000000,5700000000,4976640069,0,1429193383,0.003452,0.01703,0.01749,0.000392,0.0004663,0.01706,1.24e-05,7.439e-05,0.06348,0.0004282,13.5,0.06373,0,0
5655000000,5657000000,6218406404,164,30789456,0.0,0.0,0.0,0.0,0.0,0.0,0.0,0.0,0.0,0.0,5.735,0.01556,0,0
5655000000,5700000000,6221861800,2952,3351473350,0.06085,0.01337,0.01384,0.01065,0.01091,0.01736,0.04266,2.766e-05,0.1445,0.05743,2.613,0.004364,0,0
5655000000,5700000000,6221861800,5223,294847089,0.06848,0.01276,0.01323,0.01004,0.01019,0.01724,0.04388,2.861e-05,0.1414,0.06555,3.037,0.004898,0,0
5655000000,5700000000,6238340468,2823,8055708,0.03876,0.00256,0.003872,0.0006809,0.0009394,0.003098,0.005112,0.0,0.0968,0.0498,4.218,0.009622,0,0
5655000000,5700000000,6249834537,124,974071212,0.0007191,0.001354,0.001934,0.0006952,0.001081,0.001587,0.009995,0.0,0.03497,0.06128,1.315,0.002347,0,0
5655000000,5671000000,6251974185,184,3084579556,7.343e-05,0.0,0.0,0.0,0.0,0.0,0.0,0.0,0.001179,0.0,1.154,0.001371,0,0
5655000000,5700000000,6251995937,489,587077540,0.03406,0.005943,0.006996,0.001596,0.001801,0.008942,0.02554,0.0,0.06921,0.06836,0.9261,0.0006444,0,0
5655000000,5700000000,6251995937,1184,3938877916,0.03018,0.005959,0.006882,0.001871,0.00209,0.009247,0.0271,0.0,0.05573,0.06689,1.21,0.001064,0,0
5655000000,5656000000,6252009697,4,907674,0.0,0.0,0.0,0.0,0.0,0.0,0.0,0.0,0.0,0.0,6.654,0.02528,0,0
5655000000,5700000000,6252020538,0,317489271,0.01385,0.004875,0.01855,4.768e-06,2.003e-05,0.01009,3.147e-05,0.0,0.02597,0.001286,5.864,0.01432,0,0
5655000000,5700000000,6252020538,3,3349181752,0.01303,0.005272,0.01892,2.67e-05,0.0002136,0.01038,1.717e-05,0.0,0.03339,0.0006428,2.484,0.004707,0,0
5655000000,5700000000,6252020538,4,284757721,0.008011,0.005234,0.01883,1.907e-05,0.0001202,0.01039,1.717e-05,0.0,0.04041,0.0007143,2.023,0.00368,0,0
5656000000,5700000000,4665712499,254,905650,0.03229,0.06714,0.07715,0.003551,0.004204,0.06714,0.000144,0.0003815,0.1191,0.005783,3.106,0.007299,0,0
5656000000,5700000000,4665896876,103,280018467,0.03198,0.06494,0.07727,0.004013,0.004662,0.06519,5.627e-05,0.0003767,0.1229,0.002144,3.878,0.009428,0,0
5656000000,5700000000,4665896876,212,1301920,0.02072,0.06702,0.07727,0.005013,0.005661,0.06714,9.06e-05,0.0003738,0.1036,0.003143,2.983,0.007002,0,0
5656000000,5700000000,4665896876,385,6565003,0.02768,0.06616,0.07727,0.002754,0.003403,0.06628,0.0001221,0.0003719,0.08398,0.003857,2.376,0.00472,0,0
5656000000,5678000000,4665896876,446,788183874,0.04877,0.0675,0.07727,0.004295,0.004944,0.06763,2.193e-05,0.0003738,0.1025,0.0003567,2.355,0.004769,0,0
5656000000,5657000000,6218406404,56,4477684993,0.0,0.0,0.0,0.0,0.0,0.0,0.0,9.537e-07,0.0,0.0,6.306,0.01648,0,0
5656000000,5658000000,6218406404,119,294964090,0.0,0.0,0.0,0.0,0.0,0.0,0.0,1.907e-06,0.0,0.0,10.45,0.03923,0,0
5656000000,5657000000,6218406404,645,4477684993,0.0,0.0,0.0,0.0,0.0,0.0,0.0,9.537e-07,0.0,0.0,1.207,0.00107,0,0
5656000000,5659000000,6221861800,6828,294964090,0.0,0.0,0.0,0.0,0.0,0.0,0.0,0.0001297,0.0,0.0,3.812,0.01153,0,0
5656000000,5700000000,6221861800,10230,6566597,0.04694,0.01163,0.01225,0.009506,0.009552,0.01727,0.0224,1.431e-05,0.1609,0.0343,3.086,0.004401,0,0
5656000000,5658000000,6221861800,18008,2796972389,0.0,0.0,0.0,0.0,0.0,0.0,0.0,0.0001259,0.0,0.0,4.231,0.01134,0,0
5656000000,5700000000,6238340468,493,908054,0.01752,0.008743,0.01053,0.0006208,0.0009089,0.009033,0.0001917,4.768e-06,0.08777,0.004646,6.657,0.01995,0,0
5656000000,5700000000,6238340468,593,422090,0.01041,0.0101,0.01164,0.0002708,0.0004349,0.01013,0.0005922,5.722e-06,0.07166,0.01651,2.316,0.005036,0,0
5656000000,5700000000,6238340468,772,6568270,0.01654,0.009659,0.011,0.0001945,0.0004349,0.01004,9.06e-05,4.768e-06,0.07922,0.001358,1.37,0.002531,0,0
5656000000,5700000000,6238340468,857,2787048277,0.0376,0.002651,0.003853,0.0006981,0.0009584,0.003128,0.005783,0.0,0.09631,0.0506,3.897,0.008571,0,0
5656000000,5700000000,6238340468,868,3231024074,0.01015,0.01006,0.01141,0.0002098,0.0004511,0.01009,7.439e-05,5.722e-06,0.06873,0.0009289,15.0,0.05135,0,0
5656000000,5700000000,6238340468,908,638368,0.008987,0.0209,0.02133,0.000205,0.0004787,0.02097,5.817e-05,2.861e-06,0.06897,0.001143,2.9,0.006397,0,0
5656000000,5700000000,6238340468,1050,3890664754,0.0118,0.01431,0.0155,0.0001173,0.000411,0.01459,0.0001345,4.768e-06,0.07288,0.002144,5.053,0.01445,0,0
5656000000,5700000000,6238340468,1553,317496418,0.01335,0.01483,0.01552,0.0002155,0.0004845,0.01485,8.774e-05,4.768e-06,0.07458,0.002285,10.45,0.03328,0,0
5656000000,5700000000,6238340468,2509,1340278,0.01227,0.008682,0.009659,8.869e-05,0.0003395,0.008957,7.343e-05,4.768e-06,0.0675,0.001143,1.097,0.001546,0,0
5656000000,5659000000,6238340468,2653,1275244,0.0,0.0,0.0,0.0,0.0,0.0,0.0,9.537e-07,0.0,0.0,3.138,0.007609,0,0
5656000000,5700000000,6251699911,189,7753129,0.04425,0.002205,0.003517,0.0001135,0.0005064,0.002945,0.004799,0.0,0.08496,0.06616,1.15,0.0003324,0,0
5656000000,5658000000,6251974185,482,788183874,0.0,0.0,0.0,0.0,0.0,0.0,0.0,0.0,0.0,0.0,4.163,0.01374,0,0
5656000000,5700000000,6251995937,253,5782491,0.03503,0.006012,0.007179,0.00165,0.001852,0.008759,0.02148,0.0,0.06702,0.05817,1.39,0.001346,0,0
5656000000,5700000000,6251995937,677,410759800,0.03369,0.005867,0.006813,0.001905,0.002129,0.009415,0.02402,0.0,0.06555,0.06348,1.073,0.0002396,0,0
5656000000,5700000000,6251995937,995,257498566,0.03894,0.006226,0.007378,0.001642,0.001839,0.008972,0.02426,0.0,0.07104,0.1414,1.52,0.001666,0,0
5656000000,5657000000,6252017657,8,908053,0.0,0.0,0.0,0.0,0.0,0.0,0.0,3.815e-06,0.0,0.0,0.9464,0.0003076,0,0
5656000000,5700000000,6252020538,6,537747028,0.01038,0.005646,0.0192,9.537e-07,0.0001307,0.01125,2.861e-06,0.0,0.02042,7.153e-05,3.979,0.008558,0,0
5656000000,5700000000,6252020716,0,681910,0.0005226,0.0007887,0.005608,0.000267,0.0004816,0.0009146,0.003323,0.0,0.01326,0.04999,1.253,0.0009914,0,0
5656000000,5700000000,6252021046,0,681910,0.0004835,0.0004673,0.00378,5.627e-05,0.0001755,0.0006523,0.0003071,0.0,0.01097,0.01057,5.117,0.01978,0,0
5657000000,5700000000,3996806186,9,1436489990,0.0003633,0.05762,0.07776,3.815e-05,0.0001974,0.05792,2.861e-06,5.913e-05,0.007812,7.153e-05,0.8484,0.0003178,0,0
5657000000,5659000000,6218406404,436,1469549070,0.0,0.0,0.0,0.0,0.0,0.0,0.0,9.537e-07,0.0,0.0,0.8128,0.0005102,0,0
5657000000,5659000000,6218406404,507,400148209,0.0,0.0,0.0,0.0,0.0,0.0,0.0,0.0,0.0,0.0,10.1,0.02886,0,0
5657000000,5659000000,6218406404,738,1469549070,0.0,0.0,0.0,0.0,0.0,0.0,0.0,9.537e-07,0.0,0.0,0.9507,0.0007845,0,0
5657000000,5659000000,6218406404,947,400148209,0.0,0.0,0.0,0.0,0.0,0.0,0.0,0.0,0.0,0.0,4.293,0.006965,0,0
5657000000,5700000000,6238340468,199,1274705,0.01158,0.01431,0.0155,0.0001049,0.0001698,0.01447,5.817e-05,1.431e-05,0.06873,0.001215,3.316,0.007488,0,0
5657000000,5700000000,6238340468,546,227445777,0.01189,0.01309,0.01357,0.0002365,0.000514,0.01315,0.0003309,9.537e-07,0.08936,0.005501,2.354,0.005294,0,0
5657000000,5700000000,6238340468,1962,348348932,0.01057,0.008347,0.009674,0.0002642,0.000495,0.008392,0.0002422,9.537e-07,0.06738,0.004356,3.296,0.007295,0,0
5657000000,5700000000,6238340468,2198,1271213,0.01411,0.009796,0.01155,6.485e-05,0.0002003,0.01022,0.0001745,6.676e-06,0.06824,0.002857,2.618,0.006209,0,0
5657000000,5700000000,6238340468,2276,602945,0.01349,0.01343,0.01549,0.000288,0.0005207,0.01347,0.0001183,4.768e-06,0.07031,0.001429,2.001,0.004217,0,0
5657000000,5700000000,6238340468,2397,216844048,0.01266,0.01271,0.01358,6.962e-05,0.00033,0.01277,0.0001478,2.861e-06,0.06726,0.004425,9.173,0.0235,0,0
5657000000,5700000000,6238340468,2491,2023223273,0.01006,0.01311,0.01353,0.0001163,0.0003414,0.01337,0.0003605,9.537e-07,0.06873,0.006218,1.429,0.003205,0,0
5657000000,5700000000,6249834537,312,437176891,0.000741,0.001137,0.00194,0.0004663,0.0008564,0.001272,0.005402,0.0,0.04456,0.05151,0.7587,0.0004687,0,0
5657000000,5700000000,6251277720,214,1697625,0.04456,0.008545,0.009644,8.106e-05,0.0002575,0.008591,0.0,2.861e-06,0.05811,0.0,3.979,0.006355,0,0
5657000000,5700000000,6251277720,1338,6566751,0.04559,0.008911,0.009628,0.0001965,0.0003319,0.008957,1.621e-05,2.861e-06,0.05908,0.0007143,3.192,0.004389,0,0
5657000000,5685000000,6251949326,174,491491871,0.009262,0.001471,0.001886,8.869e-05,0.0003023,0.001598,0.000617,9.537e-07,0.05652,0.006073,1.223,0.001686,0,0
5657000000,5700000000,6251995937,286,1437146685,0.04175,0.006546,0.007561,0.002041,0.002277,0.009415,0.02319,0.0,0.06396,0.1519,1.507,0.001644,0,0
5657000000,5700000000,6251995937,436,6571331,0.03564,0.006088,0.007088,0.001848,0.002079,0.009171,0.02667,0.0,0.09814,0.07776,1.409,0.001239,0,0
5657000000,5700000000,6251995937,750,336038976,0.03253,0.006241,0.007118,0.00186,0.002068,0.009201,0.02435,0.0,0.06348,0.0741,1.373,0.001312,0,0
5657000000,5700000000,6251995937,967,208000647,0.04211,0.006859,0.007675,0.002007,0.00222,0.009552,0.02435,0.0,0.06177,0.1387,1.049,0.0004864,0,0
5657000000,5700000000,6251995937,1103,4252384531,0.03436,0.005791,0.00695,0.001434,0.001627,0.00856,0.02737,0.0,0.0592,0.06873,1.392,0.001379,0,0
5658000000,5700000000,4665896876,381,711829,0.07263,0.0675,0.07727,0.006889,0.007538,0.06763,0.001184,0.0003815,0.1195,0.01114,1.363,0.001494,0,0
5658000000,5700000000,4969889774,16,1438531849,0.03174,0.02426,0.02676,0.002499,0.002533,0.02429,0.0001068,5.627e-05,0.06787,0.0002861,3.784,0.01077,0,0
5658000000,5700000000,5402488769,3534,6570810,0.001348,0.00124,0.001928,0.0001907,0.0004539,0.00139,0.002998,0.0,0.02649,0.0365,1.732,0.00275,0,0
5658000000,5700000000,6221861800,3723,4302223219,0.08472,0.0128,0.01337,0.0105,0.01077,0.0174,0.02802,3.052e-05,0.1802,0.05829,3.091,0.004688,0,0
5658000000,5700000000,6221861800,5047,4469970863,0.05469,0.009811,0.01054,0.007759,0.007828,0.01709,0.03003,1.526e-05,0.188,0.04651,2.246,0.003461,0,0
5658000000,5700000000,6221861800,13383,4470090319,0.0625,0.01122,0.01181,0.008713,0.008789,0.0173,0.03516,2.003e-05,0.1409,0.06122,2.838,0.004716,0,0
5658000000,5700000000,6221861800,14619,854785594,0.05627,0.01025,0.01088,0.007828,0.007904,0.01718,0.03534,1.717e-05,0.1782,0.09448,2.877,0.004876,0,0
5658000000,5700000000,6221861800,18128,38291932,0.06958,0.01367,0.0141,0.01103,0.01108,0.0173,0.03894,3.052e-05,0.1501,0.06,2.74,0.004449,0,0
5658000000,5700000000,6235196851,27,6570810,0.002399,0.0009441,0.001915,0.0002127,0.0004683,0.001789,0.004021,0.0,0.0137,0.05176,1.313,0.002076,0,0
5658000000,5700000000,6238340468,554,376293619,0.01114,0.01186,0.01358,0.0001097,0.00037,0.01189,3.91e-05,4.768e-06,0.09216,0.0005713,1.698,0.003249,0,0
5658000000,5700000000,6238340468,761,854785594,0.01395,0.01204,0.01355,6.58e-05,0.0001688,0.01213,8.583e-06,6.676e-06,0.06873,0.0002146,2.72,0.006935,0,0
5658000000,5700000000,6238340468,1254,38714006,0.01733,0.01338,0.01485,0.0002346,0.0004282,0.01392,0.00399,9.537e-07,0.1104,0.01715,1.243,0.001725,0,0
5658000000,5700000000,6238340468,2132,934771887,0.01416,0.007889,0.009674,0.0001097,0.0003347,0.008667,0.0003757,9.537e-07,0.06848,0.004356,1.59,0.002984,0,0
5658000000,5659000000,6251974185,1023,4479488965,0.0,0.0,0.0,0.0,0.0,0.0,0.0,0.0,0.0,0.0,1.05,0.0006997,0,0
5658000000,5700000000,6251995937,197,418740012,0.04315,0.006546,0.007721,0.001839,0.002037,0.009033,0.02356,0.0,0.06335,0.12,1.047,0.0004277,0,0
5658000000,5700000000,6251995937,325,5568138632,0.03711,0.006004,0.007095,0.001764,0.001972,0.009003,0.02618,0.0,0.0611,0.1199,1.533,0.001703,0,0
5658000000,5700000000,6251995937,471,38751851,0.03754,0.006531,0.00737,0.002094,0.002312,0.009537,0.02536,0.0,0.08008,0.1348,1.021,0.0007089,0,0
5658000000,5700000000,6251995937,708,5771791,0.02606,0.005417,0.006393,0.001822,0.002041,0.008881,0.02386,0.0,0.06158,0.1123,1.115,0.001002,0,0
5658000000,5659000000,6252010200,0,6567589,0.0,0.0005922,0.001913,0.00035,0.00035,0.0005922,0.01828,0.0,0.0,0.01828,6.026,0.02281,0,0
5658000000,5659000000,6252017657,6,4055309335,0.0,0.0,0.0,0.0,0.0,0.0,0.0,3.815e-06,0.0,0.0,0.924,0.0004314,0,0
5659000000,5700000000,4665896876,159,6641552,0.03006,0.0675,0.07727,0.00589,0.006538,0.06763,6.676e-06,0.0003757,0.09045,0.0001431,1.593,0.002257,0,0
5659000000,5700000000,6184995193,80,38737063,0.06458,0.006233,0.01338,0.0004091,0.0005941,0.006485,0.0001078,3.815e-06,0.1787,0.001072,1.888,0.004137,0,0
5659000000,5700000000,6221861800,13447,501460463,0.06433,0.008911,0.00972,0.00679,0.006859,0.01733,0.03131,1.526e-05,0.158,0.05731,3.008,0.004586,0,0
5659000000,5700000000,6238340468,353,4302750359,0.01569,0.01476,0.0155,0.0002737,0.0004978,0.01485,6.294e-05,2.861e-06,0.0697,0.002144,1.472,0.00273,0,0
5659000000,5700000000,6238340468,731,6641444,0.03333,0.002209,0.00388,0.0005932,0.0008259,0.003071,0.006447,0.0,0.08875,0.05127,3.295,0.007212,0,0
5659000000,5700000000,6238340468,1013,351607170,0.01212,0.0108,0.01163,0.0001163,0.0003796,0.01083,7.82e-05,4.768e-06,0.07007,0.0007858,1.462,0.002747,0,0
5659000000,5696000000,6238340468,2792,903243,0.01149,0.008224,0.009674,0.0002308,0.0004826,0.00824,0.0001907,9.537e-07,0.06824,0.002857,2.087,0.004616,0,0
5659000000,5700000000,6251949326,79,4303417780,0.007622,0.001202,0.001896,9.918e-05,0.0002069,0.001307,0.001972,9.537e-07,0.04712,0.01657,4.486,0.0137,0,0
5659000000,5700000000,6251949326,88,32098170,0.009613,0.001326,0.001869,0.0001059,0.0002184,0.00148,0.002041,9.537e-07,0.04163,0.01779,3.659,0.01056,0,0
5659000000,5673000000,6252010200,0,6567589,0.0008516,0.0,0.0,0.0,0.0,0.0,2.575e-05,0.0,0.01192,0.0002146,1.367,0.001461,0,0
5660000000,5700000000,4665712499,419,285219166,0.0202,0.05579,0.07141,0.003998,0.004646,0.05591,0.0001049,0.00037,0.07385,0.003502,4.687,0.01396,0,0
5660000000,5663000000,6114773114,950,97964886,0.0,0.0,0.0,0.0,0.0,0.0,0.0,0.0,0.0,0.0,3.86,0.01027,0,0
5660000000,5700000000,6210690788,87,6609001,0.02399,0.005356,0.01552,1.144e-05,0.0002499,0.005508,0.0,0.0,0.1255,0.0,2.183,0.004305,0,0
5660000000,5662000000,6218406404,210,1436303047,0.0,0.0,0.0,0.0,0.0,0.0,0.0,9.537e-07,0.0,0.0,12.55,0.04927,0,0
5660000000,5662000000,6218406404,248,317497361,0.0,0.0,0.0,0.0,0.0,0.0,0.0,1.907e-06,0.0,0.0,1.256,0.001531,0,0
5660000000,5661000000,6218406404,531,788288809,0.0,0.0,0.0,0.0,0.0,0.0,0.0,9.537e-07,0.0,0.0,0.9813,0.0008073,0,0
5660000000,5663000000,6218406404,599,97964886,0.0,0.0,0.0,0.0,0.0,0.0,0.0,9.537e-07,0.0,0.0,1.198,0.001346,0,0
5660000000,5663000000,6221861800,1347,97964886,0.0,0.0,0.0,0.0,0.0,0.0,0.0,0.0001326,0.0,0.0,3.637,0.009457,0,0
5660000000,5663000000,6221861800,2983,97964886,0.0,0.0,0.0,0.0,0.0,0.0,0.0,0.0001297,0.0,0.0,4.001,0.01121,0,0
5660000000,5662000000,6221861800,13236,317497361,0.0,0.0,0.0,0.0,0.0,0.0,0.0,0.0001278,0.0,0.0,0.97,0.0009163,0,0
5660000000,5662000000,6221861800,13933,1436303047,0.0,0.0,0.0,0.0,0.0,0.0,0.0,0.0001268,0.0,0.0,3.546,0.009526,0,0
5660000000,5663000000,6221861800,15292,97964886,0.0,0.0,0.0,0.0,0.0,0.0,0.0,0.0001268,0.0,0.0,4.02,0.01148,0,0
5660000000,5700000000,6238340468,698,1093557,0.01161,0.0139,0.01547,9.155e-05,0.0003328,0.01398,0.0001593,9.537e-07,0.06946,0.001928,1.052,0.001633,0,0
5660000000,5663000000,6238340468,1365,97964886,0.0,0.0,0.0,0.0,0.0,0.0,0.0,0.0,0.0,0.0,2.668,0.00561,0,0
5660000000,5662000000,6238340468,1474,1436303047,0.0,0.0,0.0,0.0,0.0,0.0,0.0,9.537e-07,0.0,0.0,1.484,0.002729,0,0
5660000000,5661000000,6238340468,2027,788288809,0.0,0.0,0.0,0.0,0.0,0.0,0.0,5.722e-06,0.0,0.0,1.494,0.002415,0,0
5660000000,5661000000,6238340468,2325,788288809,0.0,0.0,0.0,0.0,0.0,0.0,0.0,9.537e-07,0.0,0.0,1.625,0.002709,0,0
5660000000,5662000000,6238340468,2363,317497361,0.0,0.0,0.0,0.0,0.0,0.0,0.0,4.768e-06,0.0,0.0,2.485,0.00553,0,0
5660000000,5700000000,6251949326,149,2790560748,0.0114,0.001463,0.001902,0.0001249,0.0002346,0.001587,0.0007858,9.537e-07,0.06079,0.007645,1.138,0.0008582,0,0
5660000000,5661000000,6251974185,790,906880,0.0,0.0,0.0,0.0,0.0,0.0,0.0,0.0,0.0,0.0,1.014,0.0008573,0,0
5660000000,5700000000,6251995937,449,3470682190,0.03339,0.005646,0.006386,0.001471,0.001677,0.008255,0.02411,0.0,0.05975,0.1404,1.069,0.0003125,0,0
5660000000,5700000000,6251995937,1127,3938722014,0.03772,0.006416,0.007294,0.001951,0.002178,0.009613,0.02728,0.0,0.07947,0.1306,1.04,0.000285,0,0
5661000000,5700000000,4665896876,492,16918808,0.01715,0.06641,0.07739,0.002346,0.002995,0.06653,7.534e-05,0.0003681,0.04388,0.00293,5.39,0.01512,0,0
5661000000,5700000000,5844213834,0,766857101,0.09546,0.08167,0.09717,0.01443,0.01454,0.08435,0.008835,6.866e-05,0.1289,0.03998,1.179,0.0003974,0,0
5661000000,5700000000,6206862915,639,2347177550,0.09363,0.04266,0.04352,0.000227,0.0003033,0.04388,0.005272,8.202e-05,0.1729,0.05035,1.257,0.001943,0,0
5661000000,5663000000,6218406404,399,97930868,0.0,0.0,0.0,0.0,0.0,0.0,0.0,9.537e-07,0.0,0.0,1.272,0.001481,0,0
5661000000,5663000000,6218406404,681,97930868,0.0,0.0,0.0,0.0,0.0,0.0,0.0,0.0,0.0,0.0,13.26,0.049,0,0
5661000000,5665000000,6218406404,895,2912464652,0.0,0.0,0.0,0.0,0.0,0.0,0.0,0.0,0.0,0.0,1.421,0.001476,0,0
5661000000,5700000000,6238340468,553,929552469,0.03912,0.01514,0.01648,0.0001087,0.0004005,0.01587,5.722e-05,5.722e-06,0.1292,0.0005713,1.664,0.0006059,0,0
5661000000,5700000000,6238340468,1787,16918808,0.02643,0.01019,0.01163,0.000289,0.0005283,0.01025,4.578e-05,5.722e-06,0.1296,0.0007858,4.49,0.0117,0,0
5661000000,5700000000,6238340468,1824,6608516,0.01865,0.01308,0.0155,0.0002184,0.0005188,0.01312,5.531e-05,2.48e-05,0.06958,0.0008574,1.424,0.002123,0,0
5661000000,5700000000,6238340468,1867,711994,0.04498,0.002777,0.003876,0.0007257,0.0009956,0.003132,0.005318,0.0,0.1687,0.0708,1.722,0.002544,0,0
5661000000,5700000000,6238340468,1971,905071,0.0121,0.007919,0.009674,8.392e-05,0.0003452,0.007965,0.0001059,9.537e-07,0.07385,0.001429,1.14,0.001532,0,0
5661000000,5700000000,6238340468,2743,317303085,0.0123,0.009659,0.01163,2.956e-05,0.0002632,0.009689,0.0002689,9.537e-07,0.06836,0.003643,14.01,0.04525,0,0
5661000000,5700000000,6238340468,2836,766873228,0.0117,0.01187,0.01357,0.0001907,0.0004644,0.01189,9.155e-05,9.537e-07,0.1311,0.002285,1.576,0.002606,0,0
5661000000,5665000000,6249832520,14,2912464652,0.0,0.0,0.0,0.0,0.0,0.0,1.812e-05,0.0,0.0,7.153e-05,0.744,0.000215,0,0
5661000000,5700000000,6251277720,821,1436384408,0.04871,0.009094,0.01149,0.0002718,0.0004416,0.009201,1.907e-06,3.815e-06,0.05865,7.153e-05,3.268,0.00434,0,0
5661000000,5700000000,6251995937,342,4303867387,0.03156,0.00589,0.00679,0.00201,0.002239,0.009476,0.02454,0.0,0.06122,0.06036,0.9034,0.0005551,0,0
5661000000,5700000000,6251995937,729,3299582022,0.03894,0.006058,0.007118,0.001772,0.001995,0.009171,0.02551,0.0,0.06433,0.1343,1.047,0.0005672,0,0
5661000000,5662000000,6252010250,0,6570572,0.0,0.0,0.0,0.0,0.0,0.0,0.0,0.0,0.0,0.0,4.813,0.01754,0,0
5661000000,5700000000,6252020745,1,3915687641,0.02399,0.0008755,0.001917,0.000226,0.0004435,0.001118,0.002556,0.0,0.06519,0.0285,0.9987,9.027e-05,0,0
5661000000,5700000000,6252020836,0,3915687641,0.02402,0.000721,0.001925,0.0001955,0.0002832,0.001087,0.002552,0.0,0.0611,0.02866,0.9939,7.844e-05,0,0
5662000000,5700000000,4665896876,215,1335759,0.03748,0.06714,0.07727,0.006676,0.007324,0.06714,0.0001764,0.0003824,0.07812,0.005356,1.793,0.002944,0,0
5662000000,5665000000,5664371117,195,2372872938,0.0,0.0,0.0,0.0,0.0,0.0,0.0,9.537e-07,0.0,0.0,1.241,0.001787,0,0
5662000000,5665000000,6218406404,610,2372872938,0.0,0.0,0.0,0.0,0.0,0.0,0.0,0.0,0.0,0.0,2.254,0.004663,0,0
5662000000,5663000000,6218406404,816,1436345016,0.0,0.0,0.0,0.0,0.0,0.0,0.0,0.0,0.0,0.0,4.357,0.006988,0,0
5662000000,5663000000,6218406404,888,1436345016,0.0,0.0,0.0,0.0,0.0,0.0,0.0,0.0,0.0,0.0,2.114,0.002753,0,0
5662000000,5665000000,6218406404,1103,2644174581,0.0,0.0,0.0,0.0,0.0,0.0,0.0001431,9.537e-07,0.0,0.0004282,3.306,0.008534,0,0
5662000000,5663000000,6218406404,1472,1807062,0.0,0.0,0.0,0.0,0.0,0.0,0.0,0.0,0.0,0.0,4.775,0.007974,0,0
5662000000,5663000000,6218406404,1473,1807062,0.0,0.0,0.0,0.0,0.0,0.0,0.0,0.0,0.0,0.0,4.819,0.00802,0,0
5662000000,5665000000,6221861800,241,2372872938,0.0,0.0,0.0,0.0,0.0,0.0,0.0,0.0001345,0.0,0.0,0.9548,0.0007967,0,0
5662000000,5665000000,6221861800,1050,2372872938,0.0,0.0,0.0,0.0,0.0,0.0,0.0,0.0001335,0.0,0.0,0.9968,0.0009196,0,0
5662000000,5670000000,6221861800,1447,2644174581,0.0,0.0,0.0,0.0,0.0,0.0,0.0001249,0.0001326,0.0,0.0009995,1.076,0.001412,0,0
5662000000,5668000000,6221861800,17627,2644174581,0.0,0.0,0.0,0.0,0.0,0.0,0.0003471,0.0001259,0.0,0.00243,1.09,0.001386,0,0
5662000000,5700000000,6238340468,585,903138,0.00914,0.008957,0.009674,0.0001478,0.00037,0.009018,5.817e-05,9.537e-07,0.06824,0.0009995,11.08,0.02453,0,0
5662000000,5700000000,6238340468,754,3159564667,0.01201,0.008881,0.009674,0.0001926,0.000453,0.008926,0.0001106,9.537e-07,0.06702,0.001215,2.153,0.004871,0,0
5662000000,5700000000,6238340468,2046,38736016,0.01115,0.01624,0.01743,0.0001831,0.0004311,0.0163,0.000186,5.722e-06,0.06714,0.002857,1.718,0.003466,0,0
5662000000,5700000000,6238340468,2287,705696,0.01311,0.01295,0.01355,0.0002546,0.0005064,0.01302,0.0001726,5.722e-06,0.0697,0.002785,0.8727,0.0007702,0,0
5662000000,5700000000,6239416246,89,227416200,0.0001631,0.01154,0.01306,9.155e-05,0.0001774,0.01187,1.907e-05,3.815e-06,0.01688,0.0003567,16.6,0.07684,0,0
5662000000,5676000000,6251974185,1013,2099324112,0.0007486,0.0,0.0,0.0,0.0,0.0,0.0,0.0,0.01048,0.0,3.884,0.01257,0,0
5662000000,5700000000,6251995937,576,294823356,0.03961,0.006325,0.007225,0.001919,0.002129,0.009369,0.02579,0.0,0.06616,0.07104,1.166,0.001082,0,0
5663000000,5700000000,6206862915,242,711574,0.1031,0.03998,0.0423,1.526e-05,2.003e-05,0.04163,0.0005121,8.392e-05,0.1763,0.005928,1.235,0.001517,0,0
5663000000,5700000000,6206863619,6,711574,0.0004749,0.02957,0.0311,8.297e-05,0.0002241,0.02957,1.526e-05,4.196e-05,0.01175,0.0002861,1.662,0.001084,0,0
5663000000,5700000000,6238340468,92,227445811,0.01532,0.007637,0.008987,6.676e-05,0.0003023,0.007904,0.0002184,9.537e-07,0.07666,0.005859,2.356,0.005077,0,0
5663000000,5700000000,6238340468,1325,3602136427,0.04022,0.002541,0.003876,0.0006809,0.000946,0.003155,0.008698,0.0,0.08472,0.0614,3.912,0.008692,0,0
5663000000,5700000000,6238340468,1729,63690154,0.03516,0.002182,0.00386,0.0005836,0.0008116,0.003117,0.007889,0.0,0.1067,0.05286,0.6934,0.0001695,0,0
5663000000,5700000000,6238340468,1823,6607987,0.01485,0.0146,0.0155,0.0002861,0.0005436,0.01466,9.06e-05,1.907e-06,0.07007,0.001715,2.194,0.00451,0,0
5663000000,5700000000,6238340468,2561,4303170206,0.01134,0.009155,0.009659,4.196e-05,0.0002356,0.009232,7.915e-05,9.537e-07,0.06897,0.0006428,3.381,0.007316,0,0
5663000000,5700000000,6249461800,271,372626592,0.007591,0.02762,0.0289,0.0007725,0.0008707,0.02765,0.0,8.011e-05,0.03363,0.0,7.184,0.02755,0,0
5663000000,5700000000,6251277720,1004,32076007,0.04517,0.008881,0.009567,4.578e-05,0.0001745,0.008972,2.289e-05,2.861e-06,0.06042,0.0005713,3.504,0.005874,0,0
5663000000,5664000000,6251812952,751,4302713401,0.0,0.0,0.0,0.0,0.0,0.0,7.153e-05,0.0,0.0,7.153e-05,1.422,0.002296,0,0
5663000000,5675000000,6251974185,71,1390812899,0.0009327,0.0,0.0,0.0,0.0,0.0,5.722e-06,0.0,0.01118,7.153e-05,1.215,0.002527,0,0
5663000000,5700000000,6251995937,777,717263,0.0343,0.005516,0.006607,0.001596,0.001799,0.008728,0.02881,0.0,0.06763,0.1316,0.8945,0.0005359,0,0
5663000000,5700000000,6251995937,873,5783209,0.03326,0.005249,0.006264,0.001503,0.001692,0.008957,0.02878,0.0,0.06262,0.134,1.021,0.0001556,0,0
5663000000,5682000000,6252018928,0,1301865,0.0001183,0.0,0.0,0.0,0.0,0.0,4.864e-05,1.24e-05,0.002254,0.0004997,0.5794,0.0001529,0,0
5663000000,5700000000,6252020654,0,38644126,0.001858,0.0006866,0.00386,0.0002346,0.0002661,0.0008554,0.004349,0.0,0.01138,0.03448,0.7278,0.0003483,0,0
5663000000,5700000000,6252020745,0,38644126,0.01402,0.0006237,0.001923,6.58e-05,0.0001707,0.0009785,0.001556,0.0,0.05316,0.01143,0.7404,0.0003496,0,0
5663000000,5692000000,6252020836,1,38644126,0.01791,0.0006371,0.001915,7.153e-05,0.000246,0.0009422,0.002144,0.0,0.04932,0.01428,0.7358,0.0003251,0,0
5664000000,5700000000,4665896876,57,3890484252,0.0202,0.0658,0.07727,0.001177,0.001825,0.0658,0.0001087,0.0003681,0.06421,0.002499,2.529,0.005486,0,0
5664000000,5685000000,4665896876,305,200461284,0.02017,0.0675,0.07727,0.003132,0.003777,0.0675,0.0,0.000371,0.04474,0.0,2.204,0.004232,0,0
5664000000,5700000000,4665896876,427,294816869,0.0293,0.06702,0.07703,0.01004,0.0107,0.06714,0.0003119,0.0003681,0.08008,0.006783,4.223,0.01259,0,0
5664000000,5665000000,5664371117,346,317330951,0.0,0.0001326,0.001936,0.0003109,0.0004196,0.0001326,0.005287,9.537e-07,0.0,0.005287,25.82,0.121,0,0
5664000000,5665000000,6218406404,878,662210,0.0,0.0,0.0,0.0,0.0,0.0,0.0,0.0,0.0,0.0,4.002,0.006416,0,0
5664000000,5700000000,6238340468,2602,708498702,0.01006,0.0139,0.0153,0.0001287,0.0003881,0.01393,0.0002203,9.537e-07,0.09705,0.005783,4.083,0.01133,0,0
5664000000,5700000000,6238340468,2840,2698807643,0.01617,0.01305,0.01355,0.0001383,0.0004168,0.01314,7.534e-05,5.722e-06,0.08228,0.001286,1.423,0.00259,0,0
5664000000,5665000000,6249834537,729,662210,0.0,0.0,0.0,0.0,0.0,0.0,0.0,0.0,0.0,0.0,0.7504,0.0003675,0,0
5664000000,5700000000,6251277720,1747,708519969,0.0451,0.008652,0.009689,0.0001392,0.0003185,0.008698,0.0,2.861e-06,0.05463,0.0,3.066,0.004837,0,0
5664000000,5700000000,6251995937,918,6565508,0.02911,0.005562,0.006546,0.001747,0.00198,0.00856,0.03149,0.0,0.05243,0.1292,1.084,0.0007959,0,0
5665000000,5700000000,4665712396,60,257407435,0.008606,0.02353,0.03845,0.01067,0.01131,0.02362,6.962e-05,0.0003681,0.02316,0.002213,3.231,0.009229,0,0
5665000000,5700000000,4665896876,225,1227482335,0.03021,0.06677,0.07715,0.003857,0.004501,0.06689,1.812e-05,0.0003719,0.09277,0.0003567,2.417,0.005412,0,0
5665000000,5700000000,5008466431,7,38690820,0.03448,0.005707,0.0065,0.0001564,0.0002832,0.005768,2.48e-05,3.624e-05,0.2405,0.0006428,3.377,0.009334,0,0
5665000000,5675000000,5664371117,346,317330951,0.0003319,6.676e-06,0.0,4.292e-05,4.292e-05,6.962e-05,0.0,9.537e-07,0.003319,0.0,25.82,0.121,0,0
5665000000,5667000000,6218406404,154,4795997176,0.0,0.0,0.0,0.0,0.0,0.0,0.0,0.0,0.0,0.0,6.146,0.01693,0,0
5665000000,5667000000,6218406404,493,4795997176,0.0,0.0,0.0,0.0,0.0,0.0,0.0,0.0,0.0,0.0,10.73,0.03918,0,0
5665000000,5700000000,6221861800,1803,3081033135,0.07629,0.01146,0.01215,0.009064,0.009125,0.01675,0.04224,2.384e-05,0.1543,0.06458,2.805,0.004707,0,0
5665000000,5678000000,6221861800,12736,1438281800,5.531e-05,2.861e-06,0.0,8.488e-05,8.488e-05,3.147e-05,0.0,0.0001268,0.0007181,0.0,3.453,0.009538,0,0
5665000000,5700000000,6232606071,466,4303303731,0.0005026,0.02609,0.02713,0.0001822,0.0002804,0.02631,1.431e-05,2.67e-05,0.005241,0.0004282,22.55,0.106,0,0
5665000000,5700000000,6238340468,1404,227426608,0.009293,0.0134,0.01357,4.482e-05,0.0003109,0.01344,0.0001431,4.768e-06,0.06763,0.002857,1.405,0.002506,0,0
5665000000,5700000000,6238340468,1847,6566950,0.04114,0.002613,0.003708,0.0006838,0.0009394,0.003105,0.006874,0.0,0.09448,0.06482,1.534,0.00234,0,0
5665000000,5700000000,6238340468,2595,1436348584,0.01157,0.01237,0.01352,0.0001822,0.0004568,0.01239,8.774e-05,4.768e-06,0.06726,0.001286,3.316,0.008746,0,0
5665000000,5700000000,6251949326,115,1437154147,0.005638,0.001301,0.0019,2.193e-05,0.0001307,0.001507,0.001314,9.537e-07,0.09631,0.01543,7.705,0.02794,0,0
5665000000,5700000000,6251995937,665,611063379,0.03333,0.005836,0.00679,0.001919,0.002151,0.00914,0.02863,0.0,0.06848,0.07324,0.9801,0.0006184,0,0
5665000000,5666000000,6252007996,0,1338868,0.0,0.0,0.0,0.0,0.0,0.0,0.0,9.537e-07,0.0,0.0,3.391,0.00941,0,0
5666000000,5668000000,6218406404,564,1436314898,0.0,0.0,0.0,0.0,0.0,0.0,0.0,9.537e-07,0.0,0.0,10.09,0.0333,0,0
5666000000,5668000000,6218406404,717,1436314898,0.0,0.0,0.0,0.0,0.0,0.0,0.0,9.537e-07,0.0,0.0,1.476,0.002704,0,0
5666000000,5667000000,6218406404,1355,567596,0.0,0.0,0.0,0.0,0.0,0.0,0.0,0.0,0.0,0.0,5.789,0.01353,0,0
5666000000,5667000000,6218406404,1356,567596,0.0,0.0,0.0,0.0,0.0,0.0,0.0,0.0,0.0,0.0,5.831,0.01378,0,0
5666000000,5700000000,6221861800,6828,227436554,0.08447,0.0118,0.01253,0.009598,0.009659,0.01724,0.04871,2.575e-05,0.1611,0.0686,2.434,0.003752,0,0
5666000000,5700000000,6221861800,7940,3890308349,0.04993,0.009125,0.009781,0.007111,0.007179,0.01521,0.02173,9.537e-06,0.1611,0.08606,2.854,0.004127,0,0
5666000000,5700000000,6232606071,391,5413356793,0.0007753,0.01537,0.01624,0.0002089,0.0003157,0.0155,1.907e-05,2.67e-05,0.003906,0.0004997,1.747,0.002521,0,0
5666000000,5700000000,6238340468,1955,772622191,0.01424,0.009384,0.009674,0.0001478,0.0004025,0.009445,9.06e-05,4.768e-06,0.06982,0.002071,1.079,0.001721,0,0
5666000000,5700000000,6238340468,2219,1436369231,0.01202,0.009857,0.01154,0.0002699,0.0005198,0.009888,0.0001326,9.537e-07,0.0675,0.002571,2.0,0.004196,0,0
5666000000,5700000000,6238340468,2230,4304082080,0.01338,0.0127,0.01357,0.0002146,0.0004673,0.01274,0.0001278,1.526e-05,0.06909,0.001499,1.27,0.002373,0,0
5666000000,5700000000,6251949326,0,1436293127,0.01064,0.001451,0.001892,0.0001459,0.0002527,0.001579,0.0004559,9.537e-07,0.05438,0.004288,1.033,0.0009856,0,0
5666000000,5700000000,6251995937,550,4088903798,0.03186,0.005501,0.006462,0.00185,0.002075,0.009262,0.03012,0.0,0.09192,0.06531,1.393,0.001544,0,0
5666000000,5700000000,6252023165,0,1726343696,0.01566,0.00399,0.005554,0.0001802,0.0003614,0.008484,0.00853,0.0,0.04736,0.07251,0.904,0.0005627,0,0
5667000000,5700000000,4665896876,344,705764,0.07666,0.06677,0.07715,0.006599,0.007248,0.06689,4.768e-06,0.0003834,0.1071,7.153e-05,1.33,0.001166,0,0
5667000000,5700000000,6221861800,2983,4302750359,0.08728,0.01183,0.01256,0.009064,0.009338,0.01736,0.02682,2.384e-05,0.1606,0.05823,2.868,0.004579,0,0
5667000000,5700000000,6221861800,4157,4469393757,0.03351,0.005417,0.006439,0.003914,0.003983,0.01355,0.02615,6.676e-06,0.1377,0.08374,0.719,0.0003126,0,0
5667000000,5700000000,6226135878,16,317472646,0.02188,0.0192,0.01935,0.0001507,0.0002546,0.01923,4.768e-06,7.534e-05,0.0697,7.153e-05,4.504,0.01166,0,0
5667000000,5700000000,6238340468,685,4302623190,0.01445,0.01424,0.01543,2.48e-05,2.861e-05,0.01433,7.82e-05,9.537e-07,0.06885,0.0007858,1.531,0.002716,0,0
5667000000,5700000000,6238340468,1743,82722323,0.04071,0.002583,0.003666,0.000699,0.0009518,0.003166,0.006432,0.0,0.1239,0.03571,0.8583,0.0008713,0,0
5667000000,5700000000,6238340468,2498,5461168827,0.01395,0.0105,0.01158,0.0002918,0.0005417,0.01057,8.869e-05,4.768e-06,0.06726,0.001642,1.604,0.003003,0,0
5667000000,5700000000,6238340468,2770,1979335092,0.01358,0.009293,0.009674,0.0001907,0.0004473,0.009323,5.436e-05,4.768e-06,0.1274,0.0007143,8.078,0.02246,0,0
5667000000,5700000000,6238340468,2839,4515745332,0.01192,0.0152,0.01552,6.199e-05,0.0003233,0.01523,4.768e-05,4.768e-06,0.06885,0.0006428,2.389,0.004988,0,0
5667000000,5700000000,6249832520,14,660917,0.001062,0.001429,0.001934,0.0007439,0.001158,0.00157,0.009415,0.0,0.01338,0.06555,21.04,0.08543,0,0
5667000000,5678000000,6251974185,113,3602506355,0.0008726,0.0,0.0,0.0,0.0,0.0,0.0,0.0,0.009598,0.0,0.9726,0.0006177,0,0
5667000000,5700000000,6251995937,1067,82722323,0.02866,0.004692,0.005646,0.001541,0.001732,0.008682,0.02948,0.0,0.05878,0.06812,1.076,0.001032,0,0
5668000000,5700000000,3996806186,71,4469203363,0.0,0.05756,0.07776,4.101e-05,0.0001955,0.05774,4.768e-06,7.534e-05,0.0,7.153e-05,0.6401,0.000271,0,0
5668000000,5700000000,4665712499,1131,2198019209,0.07007,0.06763,0.07703,0.005867,0.006516,0.06799,0.0001364,0.0003834,0.135,0.001715,1.526,0.002338,0,0
5668000000,5700000000,4665896876,368,2198019209,0.02011,0.06702,0.07727,0.005196,0.005844,0.06702,7.629e-05,0.0003767,0.047,0.002285,5.438,0.01588,0,0
5668000000,5700000000,4665897969,127,3858945898,0.2285,0.06616,0.07715,0.009369,0.01001,0.06616,0.000268,0.0003805,0.4253,0.006714,0.7398,0.0005365,0,0
5668000000,5677000000,6218406404,709,1095655,0.001661,0.001369,0.005783,0.0004139,0.00103,0.001377,0.000802,1.907e-06,0.003601,0.006783,1.459,0.00249,0,0
5668000000,5700000000,6238340468,2079,1439722967,0.01776,0.00882,0.01057,0.0002995,0.0005236,0.009735,0.008286,9.537e-07,0.134,0.05835,1.22,0.001921,0,0
5668000000,5700000000,6238340468,2355,6568429,0.01222,0.00766,0.009583,0.0008202,0.001095,0.007683,9.155e-05,4.768e-06,0.06848,0.0007858,2.474,0.005183,0,0
5668000000,5700000000,6238340468,2532,317508384,0.01575,0.01248,0.01358,7.439e-05,0.0003653,0.01251,0.0002184,5.722e-06,0.06934,0.006073,16.45,0.05251,0,0
5668000000,5700000000,6238340468,2660,4089288065,0.01248,0.01015,0.01234,0.0002909,0.0004244,0.01022,0.001051,5.722e-06,0.06921,0.01816,1.01,0.001161,0,0
5668000000,5700000000,6251277720,218,1439722967,0.05206,0.01117,0.01534,0.000371,0.0005226,0.01135,0.0,6.676e-06,0.06158,0.0,3.602,0.005139,0,0
5668000000,5700000000,6251277720,1397,1458705361,0.04218,0.008972,0.01147,0.0004539,0.0006227,0.009079,1.907e-06,2.861e-06,0.05951,7.153e-05,2.238,0.002396,0,0
5668000000,5700000000,6251277720,1575,759655002,0.03198,0.008881,0.009628,0.0001001,0.000226,0.009003,4.482e-05,2.861e-06,0.06146,0.001358,3.404,0.005523,0,0
5668000000,5669000000,6251974185,503,854812624,0.0,0.0,0.0,0.0,0.0,0.0,0.0,0.0,0.0,0.0,3.766,0.01233,0,0
5668000000,5680000000,6251994762,0,1332128,0.003914,0.0,0.0,0.0,0.0,0.0,8.965e-05,9.537e-07,0.047,0.0009995,1.3,0.002247,0,0
5668000000,5670000000,6251995937,371,1095655,0.02069,0.01015,0.01328,0.004356,0.004463,0.01015,0.002144,6.676e-06,0.04388,0.004288,0.9703,0.001204,0,0
5668000000,5700000000,6252020624,1,336041015,0.002426,0.001087,0.00193,0.0004311,0.0007191,0.001522,0.005554,0.0,0.03625,0.05847,0.9314,0.0009227,0,0
5669000000,5700000000,6238340468,90,2148955809,0.07153,0.01051,0.0116,9.346e-05,0.00035,0.01111,0.0002003,9.537e-07,0.1301,0.003784,1.603,0.002603,0,0
5669000000,5700000000,6238340468,182,4304844663,0.01161,0.008224,0.01021,9.727e-05,0.0002556,0.008286,0.0005741,7.629e-06,0.06763,0.009293,1.01,0.00135,0,0
5669000000,5700000000,6238340468,213,16913931,0.01569,0.009613,0.0116,7.439e-05,0.0003233,0.009659,0.0002422,9.537e-07,0.1031,0.005501,1.516,0.002904,0,0
5669000000,5700000000,6238340468,294,449625470,0.01233,0.01295,0.01357,7.248e-05,0.0003338,0.013,0.0001335,2.861e-06,0.0791,0.001215,1.8,0.003609,0,0
5669000000,5700000000,6238340468,560,1315482,0.0146,0.01569,0.01733,0.0001211,0.000391,0.01575,7.82e-05,5.722e-06,0.06812,0.0007143,1.358,0.002376,0,0
5669000000,5700000000,6238340468,1076,6955745,0.01443,0.01233,0.01357,0.0003138,0.0005627,0.01237,9.441e-05,9.537e-07,0.0708,0.001143,2.897,0.006227,0,0
5669000000,5700000000,6251995937,1080,318405651,0.03595,0.005219,0.006416,0.001497,0.001688,0.008499,0.02979,0.0,0.06323,0.07495,1.222,0.00085,0,0
5670000000,5671000000,6218406404,472,4116839605,0.0,0.0,0.0,0.0,0.0,0.0,0.0,9.537e-07,0.0,0.0,1.846,0.002509,0,0
5670000000,5671000000,6218406404,866,4116839605,0.0,0.0,0.0,0.0,0.0,0.0,0.0,0.0,0.0,0.0,1.472,0.001798,0,0
5670000000,5700000000,6251277720,1238,938213862,0.04926,0.009079,0.009583,1.526e-05,0.0001755,0.00914,1.431e-05,2.861e-06,0.05853,0.0002861,4.062,0.00601,0,0
5670000000,5700000000,6251812952,1082,711896,0.003071,0.02667,0.04199,0.02524,0.02563,0.02707,0.005806,3.815e-06,0.06348,0.05188,1.168,0.001082,0,0
5670000000,5681000000,6251995937,371,1095655,0.0005779,0.0,0.0,0.0,0.0,0.0,0.0,0.0,0.006355,0.0,0.9703,0.001204,0,0
5671000000,5700000000,6221861800,17627,294908002,0.05243,0.007278,0.008377,0.00528,0.005356,0.01703,0.02469,6.676e-06,0.1252,0.05328,2.209,0.003844,0,0
5671000000,5700000000,6238340468,1016,4868193536,0.01645,0.01485,0.01552,0.0001268,0.0003881,0.01494,0.0001059,4.768e-06,0.08398,0.0008574,3.759,0.0122,0,0
5671000000,5700000000,6238340468,1264,3349179250,0.01288,0.011,0.01163,0.0001402,0.0003347,0.01105,0.0003157,6.676e-06,0.06665,0.003143,1.583,0.003074,0,0
5671000000,5700000000,6238340468,2653,705724,0.04492,0.0023,0.00388,0.0006609,0.0009193,0.003128,0.008743,0.0,0.08997,0.05676,1.556,0.002379,0,0
5671000000,5700000000,6238340468,2657,1345558742,0.01581,0.01074,0.01161,0.0004311,0.0007076,0.01079,0.0001011,9.537e-07,0.0697,0.001358,1.255,0.0022,0,0
5671000000,5700000000,6238340468,2987,351627172,0.01654,0.01036,0.0116,0.0001307,0.0003939,0.01039,0.0002584,4.768e-06,0.06946,0.002857,3.341,0.008356,0,0
5671000000,5672000000,6251974185,184,3084579556,0.0,0.0,0.0,0.0,0.0,0.0,0.0,0.0,0.0,0.0,1.154,0.001371,0,0
5671000000,5700000000,6251995937,751,8055070,0.01837,0.004379,0.005379,0.001581,0.001806,0.008759,0.03204,0.0,0.05914,0.1173,1.024,0.0002248,0,0
5671000000,5700000000,6251995937,1091,38713354,0.02188,0.004257,0.005142,0.001429,0.001646,0.008499,0.03607,0.0,0.0531,0.06848,1.093,0.0002914,0,0
5672000000,5700000000,6000618870,129,904005,0.1008,0.01874,0.02719,1.907e-05,0.001425,0.01874,0.0,0.0,0.2642,0.0,1.233,0.0004614,0,0
5672000000,5700000000,6238340468,113,6567669,0.01195,0.01482,0.0155,0.0001316,0.0003901,0.01485,0.0001326,5.722e-06,0.07153,0.002857,1.199,0.001755,0,0
5672000000,5700000000,6238340468,142,765657,0.01259,0.01234,0.01357,0.0002222,0.0004959,0.01236,4.864e-05,4.768e-06,0.06946,0.0006428,1.602,0.002993,0,0
5672000000,5700000000,6238340468,992,6641712,0.01227,0.01253,0.01352,4.673e-05,0.0003052,0.01256,0.000329,9.537e-07,0.06445,0.004784,14.33,0.05077,0,0
5672000000,5685000000,6238340468,1435,659894462,0.0107,0.007683,0.009659,0.0008659,0.001108,0.007698,0.0001869,9.537e-07,0.08997,0.001715,1.782,0.00332,0,0
5672000000,5700000000,6251277720,1342,257405986,0.05115,0.008377,0.009628,0.00037,0.0003777,0.008438,0.0,2.861e-06,0.06024,0.0,4.181,0.007102,0,0
5672000000,5687000000,6251974185,1046,46296128,0.0006247,0.0,0.0,0.0,0.0,0.0,4.768e-06,0.0,0.009369,7.153e-05,3.668,0.01135,0,0
5673000000,5700000000,6221861800,13933,1271683,0.1016,0.01123,0.01196,0.008789,0.00885,0.017,0.04449,2.098e-05,0.1775,0.06299,3.147,0.004521,0,0
5673000000,5700000000,6238340468,279,1436491559,0.01794,0.008026,0.009659,0.0001135,0.0003777,0.008179,0.000246,9.537e-07,0.07031,0.004997,2.034,0.005438,0,0
5673000000,5700000000,6238340468,630,1267831,0.01834,0.01146,0.01183,3.719e-05,0.0002823,0.01151,0.0001822,4.768e-06,0.07703,0.001928,1.963,0.003419,0,0
5673000000,5700000000,6238340468,937,257340277,0.01389,0.0159,0.01733,0.0002031,0.0004625,0.01596,0.0001431,4.768e-06,0.06897,0.001642,1.733,0.003673,0,0
5673000000,5700000000,6238340468,1237,682246,0.01462,0.009613,0.01134,4.959e-05,0.0003014,0.009659,0.0001135,5.722e-06,0.06958,0.001642,6.395,0.01763,0,0
5673000000,5700000000,6238340468,2175,257406815,0.1282,0.009674,0.01198,0.001026,0.001226,0.009781,9.537e-05,5.722e-06,0.1917,0.001215,2.396,0.001558,0,0
5673000000,5700000000,6238340468,2214,1339777,0.01486,0.01135,0.01163,5.341e-05,0.0003128,0.01138,8.202e-05,5.722e-06,0.06958,0.001215,1.562,0.002707,0,0
5673000000,5700000000,6238340468,2619,155515727,0.01439,0.01424,0.01546,0.0002518,0.0005236,0.0143,0.000103,4.768e-06,0.06824,0.001072,0.8206,0.0005173,0,0
5673000000,5700000000,6238340468,2757,1227482335,0.01498,0.01135,0.0116,3.91e-05,0.0002737,0.0114,0.0002747,6.676e-06,0.06958,0.004929,4.702,0.01507,0,0
5673000000,5700000000,6251949326,96,38649756,0.006905,0.001543,0.001881,8.583e-05,0.0001898,0.001722,0.0004282,9.537e-07,0.04443,0.00457,0.9934,0.0005652,0,0
5673000000,5686000000,6251974185,238,171437833,0.000845,0.0,0.0,0.0,0.0,0.0,0.002632,0.0,0.01099,0.03143,1.002,0.0008356,0,0
5673000000,5684000000,6251974185,658,3159564667,0.0009031,0.0,0.0,0.0,0.0,0.0,1.907e-05,0.0,0.009933,0.0002146,4.222,0.01502,0,0
5673000000,5689000000,6251974185,899,6566701,0.0006504,3.433e-05,0.0,2.48e-05,2.48e-05,0.000556,0.0,0.0,0.01041,0.0,3.478,0.01191,0,0
5673000000,5700000000,6251995937,762,336045945,0.02301,0.003826,0.004822,0.001223,0.001408,0.008209,0.03876,0.0,0.052,0.1248,1.014,0.000739,0,0
5673000000,5700000000,6251995937,1044,660917,0.02982,0.004501,0.005592,0.00136,0.001556,0.007843,0.03693,0.0,0.06,0.07495,1.179,0.0006181,0,0
5673000000,5674000000,6252010200,0,6567589,0.0,0.0,0.0,0.0,0.0,0.0,0.0,0.0,0.0,0.0,1.249,0.0009163,0,0
5673000000,5700000000,6252020624,2,6567463,0.005127,0.00115,0.001921,0.0004311,0.00072,0.001549,0.008331,0.0,0.02551,0.05957,1.346,0.001926,0,0
5674000000,5700000000,4665896876,405,4489441049,0.02313,0.06702,0.07727,0.01006,0.01071,0.06714,2.48e-05,0.00037,0.05432,0.0005713,5.253,0.01502,0,0
5674000000,5700000000,4665896876,475,5773935,0.01886,0.06714,0.07715,0.007248,0.007904,0.06726,0.0001268,0.0003853,0.06213,0.002857,4.63,0.0132,0,0
5674000000,5700000000,6114773114,950,708520179,0.003059,0.001459,0.001925,0.0001049,0.0003071,0.001692,0.003139,0.0,0.04517,0.04895,1.835,0.003485,0,0
5674000000,5676000000,6218406404,778,4217347623,0.0,0.0,0.0,0.0,0.0,0.0,0.0,9.537e-07,0.0,0.0,8.392,0.03355,0,0
5674000000,5700000000,6238340468,766,1221270123,0.01228,0.01047,0.01163,0.0001049,0.0002947,0.01054,0.000104,2.861e-06,0.06982,0.001429,1.991,0.003899,0,0
5674000000,5700000000,6238340468,1563,1093251,0.02173,0.01443,0.01546,0.0002346,0.0004787,0.01447,7.725e-05,4.768e-06,0.08081,0.0009289,1.307,0.002011,0,0
5674000000,5700000000,6238340468,1731,257330928,0.01895,0.01019,0.01163,0.0002155,0.0004835,0.01053,0.0002527,5.722e-06,0.09631,0.003998,12.17,0.04301,0,0
5674000000,5700000000,6251995937,373,305376347,0.02783,0.004486,0.005524,0.001495,0.001713,0.008652,0.04126,0.0,0.06219,0.1345,0.9811,0.0006222,0,0
5674000000,5700000000,6251995937,1094,2596189359,0.02173,0.003803,0.004761,0.001266,0.001472,0.008057,0.03809,0.0,0.05243,0.07251,1.057,0.0007055,0,0
5675000000,5700000000,4969889774,79,4246069792,0.03131,0.0235,0.02679,0.002892,0.002968,0.02353,1.431e-05,5.627e-05,0.05469,0.0002146,3.915,0.01134,0,0
5675000000,5676000000,5664371117,346,317330951,0.0,0.0,0.0,0.0,0.0,0.0,0.0,9.537e-07,0.0,0.0,25.82,0.121,0,0
5675000000,5700000000,6206862915,18,257503325,0.0004692,0.0351,0.03693,0.0002031,0.0003452,0.0351,1.431e-05,8.392e-05,0.003906,0.0002861,22.38,0.1027,0,0
5675000000,5700000000,6221861800,1447,38661960,0.06775,0.007004,0.007843,0.00502,0.005089,0.01347,0.03674,1.24e-05,0.1648,0.05383,0.6886,0.0002257,0,0
5675000000,5691000000,6221861800,17422,1438281800,2.861e-05,7.629e-06,0.0,8.011e-05,8.011e-05,0.000123,0.0,0.0001259,0.0004616,0.0,3.245,0.0084,0,0
5675000000,5700000000,6231742198,22,4469393758,0.03217,0.008453,0.01132,0.002014,0.002094,0.008606,0.0006657,3.719e-05,0.05762,0.01372,3.866,0.00778,0,0
5675000000,5700000000,6238340468,168,6565387,0.01761,0.01022,0.01161,0.0001507,0.0003805,0.01028,0.0001774,5.722e-06,0.07642,0.002285,2.037,0.004201,0,0
5675000000,5700000000,6238340468,314,711831,0.01358,0.01118,0.01163,0.0001345,0.0003824,0.01122,0.0001659,2.861e-06,0.06812,0.003284,1.956,0.004286,0,0
5675000000,5696000000,6238340468,2779,711624,0.01691,0.01141,0.01163,0.0001917,0.0004168,0.01143,0.000391,5.722e-06,0.06934,0.002857,3.346,0.007726,0,0
5675000000,5700000000,6238340468,2900,38661960,0.0173,0.01122,0.0116,0.0001526,0.0003948,0.01123,2.575e-05,9.537e-07,0.07104,0.0002861,7.124,0.02261,0,0
5675000000,5700000000,6238340468,2971,3128124342,0.0177,0.01196,0.01355,0.0001192,0.00037,0.01202,9.441e-05,5.722e-06,0.09094,0.001642,1.361,0.002354,0,0
5675000000,5697000000,6251277720,1826,227438671,0.04565,0.009048,0.009628,5.15e-05,0.0002031,0.009109,0.0,3.815e-06,0.05823,0.0,3.574,0.005704,0,0
5675000000,5676000000,6251974185,71,1390812899,0.0,0.0,0.0,0.0,0.0,0.0,0.0,0.0,0.0,0.0,1.215,0.002527,0,0
5675000000,5700000000,6251995937,647,6565387,0.02493,0.004166,0.005165,0.001421,0.001631,0.008545,0.04102,0.0,0.06079,0.07019,1.053,0.000199,0,0
5675000000,5692000000,6252020836,2,30789498,0.02649,0.001032,0.001928,0.0003805,0.0006466,0.001308,0.01215,0.0,0.06012,0.04999,0.9922,0.0001348,0,0
5675000000,5700000000,6252023247,0,410834444,0.02728,0.001808,0.002857,0.0003424,0.0005064,0.002457,0.01599,0.0,0.1107,0.06036,2.7,0.006499,0,0
5676000000,5700000000,4665903885,282,294870687,0.01546,0.03101,0.03833,0.004364,0.005013,0.0311,2.861e-06,0.0003748,0.2483,7.153e-05,5.595,0.01698,0,0
5676000000,5699000000,4969889774,40,2150406816,0.03302,0.02377,0.02676,0.002045,0.002056,0.0238,8.678e-05,5.627e-05,0.05975,0.001715,3.713,0.01125,0,0
5676000000,5700000000,6221861800,241,1330041606,0.09204,0.007523,0.00856,0.005524,0.005577,0.01485,0.03815,1.24e-05,0.2349,0.09973,0.7102,0.0002329,0,0
5676000000,5678000000,6221861800,4518,294887211,0.0005054,0.0005236,0.001934,0.001324,0.001427,0.0005236,0.01425,0.0001287,0.004387,0.01944,4.759,0.01601,0,0
5676000000,5700000000,6238340468,872,30790113,0.01355,0.01302,0.01353,8.392e-05,0.0003567,0.01306,8.965e-05,7.629e-06,0.06787,0.0008574,7.315,0.02045,0,0
5676000000,5700000000,6238340468,956,2887932822,0.04816,0.01016,0.01151,0.0006933,0.0009451,0.01096,0.003277,9.537e-07,0.1284,0.04437,1.97,0.004156,0,0
5676000000,5700000000,6238340468,1268,1326696,0.01363,0.0125,0.01357,0.0002823,0.0005417,0.01256,7.725e-05,9.537e-07,0.06897,0.001215,14.5,0.04619,0,0
5676000000,5700000000,6238340468,1499,1331961,0.01466,0.008545,0.009674,1.431e-05,0.0002556,0.008621,9.537e-05,9.537e-07,0.06799,0.0007858,1.693,0.002976,0,0
5676000000,5700000000,6238340468,1951,1272652,0.01382,0.01302,0.01419,5.15e-05,0.0003138,0.01309,2.67e-05,3.815e-06,0.06775,0.0001431,3.352,0.007915,0,0
5676000000,5700000000,6251277720,1811,6563885,0.04907,0.008881,0.009628,3.624e-05,0.0001593,0.009003,3.529e-05,2.861e-06,0.05994,0.0008574,3.258,0.004686,0,0
5676000000,5677000000,6251974185,1013,2099324112,0.0,0.0,0.0,0.0,0.0,0.0,0.0,0.0,0.0,0.0,3.884,0.01257,0,0
5676000000,5700000000,6251995937,170,6640098,0.02496,0.004013,0.005135,0.001383,0.001593,0.00824,0.04523,0.0,0.05682,0.07141,1.056,0.0007157,0,0
5676000000,5700000000,6251995937,1128,82755267,0.02661,0.004074,0.005157,0.001389,0.001602,0.008347,0.04358,0.0,0.06085,0.07141,0.9811,0.0005716,0,0
5677000000,5681000000,6218406404,709,1095655,0.0008698,0.0,0.0,0.0,0.0,0.0,0.0,1.907e-06,0.003479,0.0,1.459,0.00249,0,0
5677000000,5700000000,6238340468,792,4853099293,0.01558,0.008194,0.009659,0.000371,0.0006723,0.008209,0.0001087,5.722e-06,0.06909,0.001143,2.972,0.006945,0,0
5677000000,5700000000,6238340468,979,3739380398,0.01529,0.009155,0.009674,0.0001526,0.000391,0.009216,0.0003071,9.537e-07,0.07178,0.002644,1.728,0.003575,0,0
5677000000,5700000000,6238340468,2912,3376081322,0.01224,0.009018,0.009644,6.199e-05,0.000309,0.009064,6.485e-05,5.722e-06,0.06763,0.0008574,2.004,0.004293,0,0
5677000000,5691000000,6251974185,342,231519743,0.0006313,5.722e-05,0.0,0.0,0.0,0.0007954,0.0,0.0,0.00885,0.0,0.9629,0.0007079,0,0
5677000000,5700000000,6251995937,28,977501186,0.02396,0.003647,0.004784,0.001207,0.001413,0.008301,0.04449,0.0,0.05945,0.07068,1.011,0.0008131,0,0
5677000000,5700000000,6251995937,402,1340692,0.01688,0.003044,0.004013,0.000946,0.001127,0.006798,0.03748,0.0,0.04535,0.06787,0.8797,0.0004795,0,0
5677000000,5700000000,6251995937,899,17504054,0.02539,0.003914,0.004951,0.001261,0.00145,0.008041,0.04266,0.0,0.05969,0.1262,1.026,0.0001785,0,0
5678000000,5692000000,3996150474,0,1092735,0.0329,0.01797,0.02518,0.0001421,0.0003881,0.01804,4.768e-06,3.815e-05,0.08557,7.153e-05,1.188,0.001239,0,0
5678000000,5700000000,4665712499,718,7195347,0.03595,0.06616,0.07727,0.002766,0.003414,0.06628,2.956e-05,0.0003805,0.1229,0.0004997,3.954,0.01069,0,0
5678000000,5700000000,4665896876,446,788183874,0.03345,0.0675,0.07727,0.004372,0.005013,0.0675,0.0003643,0.0003738,0.1222,0.007645,2.174,0.004394,0,0
5678000000,5690000000,6221861800,4518,294887211,0.0009079,0.0,0.0,0.0,0.0,0.0,0.0,0.0001287,0.01089,0.0,4.759,0.01601,0,0
5678000000,5680000000,6221861800,12736,1438281800,0.0,0.0,0.0,0.0,0.0,0.0,0.0,0.0001268,0.0,0.0,3.453,0.009538,0,0
5678000000,5700000000,6238340468,1590,907398,0.01608,0.008652,0.009674,0.0001688,0.0004253,0.009247,9.727e-05,1.907e-06,0.06897,0.0004282,2.793,0.006464,0,0
5678000000,5700000000,6238340468,2163,3349152864,0.01431,0.007751,0.009583,5.15e-05,0.0003147,0.007782,0.0001688,9.537e-07,0.06848,0.001928,1.785,0.004114,0,0
5678000000,5700000000,6238340468,2633,4239638414,0.02548,0.009995,0.0116,4.768e-05,0.0003052,0.01003,8.106e-05,9.537e-07,0.07312,0.0005713,5.147,0.01387,0,0
5678000000,5679000000,6251974185,113,3602506355,0.0,0.0,0.0,0.0,0.0,0.0,0.0,0.0,0.0,0.0,0.9726,0.0006177,0,0
5678000000,5700000000,6251995937,26,1093291,0.0238,0.00354,0.00457,0.001244,0.00145,0.007729,0.04327,0.0,0.05994,0.07458,1.042,0.000784,0,0
5678000000,5700000000,6251995937,984,1273895,0.01697,0.003014,0.003983,0.001007,0.001215,0.005943,0.03802,0.0,0.03644,0.05908,1.055,0.0006508,0,0
5679000000,5700000000,4665712499,303,6566598,0.03595,0.05841,0.0752,0.008575,0.009216,0.05847,6.676e-06,0.0003796,0.06543,7.153e-05,3.904,0.01004,0,0
5679000000,5700000000,4665712499,1125,1274572,0.01935,0.06372,0.07727,0.01295,0.01361,0.06384,2.766e-05,0.0003767,0.1119,0.0003567,1.839,0.003693,0,0
5679000000,5700000000,4665712499,1280,1274293,0.02594,0.06195,0.07727,0.01382,0.01447,0.06195,0.0002995,0.0003691,0.06482,0.005569,3.964,0.009969,0,0
5679000000,5700000000,4665896876,358,3852957575,0.0509,0.06714,0.07727,0.008133,0.008789,0.06738,0.0001392,0.0003834,0.09607,0.002785,2.753,0.006104,0,0
5679000000,5700000000,4665897969,310,1093654,0.2129,0.06873,0.07703,0.004066,0.004715,0.06873,0.0006399,0.0003786,0.4385,0.01286,0.7525,0.000565,0,0
5679000000,5700000000,6251277720,910,855743221,0.04657,0.00882,0.009674,1.24e-05,0.0001659,0.008865,3.815e-06,2.861e-06,0.05737,7.153e-05,3.913,0.005733,0,0
5679000000,5688000000,6251812952,1155,3488049975,0.002434,0.0,0.0,0.0,0.0,0.0,0.0,0.0,0.02191,0.0,1.372,0.001737,0,0
5679000000,5692000000,6252020836,7,1429184899,0.002365,0.0009823,0.001934,0.0004063,0.0006695,0.001173,0.01263,0.0,0.0155,0.06592,1.381,0.001944,0,0
5680000000,5700000000,4665712499,506,6567500,0.06134,0.02481,0.04059,0.004356,0.005005,0.0249,0.0003748,0.0003843,0.1345,0.007286,1.502,0.002214,0,0
5680000000,5700000000,4665712499,1053,903232,0.02655,0.05127,0.06738,0.003075,0.003723,0.05139,1.049e-05,4.673e-05,0.08362,7.153e-05,3.39,0.008723,0,0
5680000000,5700000000,4665897969,315,1301978,0.2253,0.06763,0.07715,0.009842,0.0105,0.06775,0.0004644,0.0003777,0.4448,0.008636,0.8306,0.0007761,0,0
5680000000,5700000000,6238340468,365,3938703194,0.01764,0.009384,0.009674,0.000104,0.0003548,0.009445,0.0001087,7.629e-06,0.1287,0.001358,14.03,0.04253,0,0
5680000000,5700000000,6238340468,759,5495692493,0.01537,0.01112,0.01357,0.0001583,0.0003986,0.01117,0.0001001,9.537e-07,0.0686,0.0005713,2.685,0.005569,0,0
5680000000,5700000000,6238340468,1429,227436959,0.01862,0.00795,0.009689,0.0002365,0.0004435,0.008057,0.000864,9.537e-07,0.07056,0.0065,2.272,0.005534,0,0
5680000000,5700000000,6238340468,1593,82756234,0.01433,0.01408,0.01547,0.0001793,0.0004711,0.01416,6.104e-05,1.049e-05,0.06024,0.0003567,14.52,0.04707,0,0
5680000000,5700000000,6238340468,2591,7222250,0.02432,0.01019,0.01163,0.000289,0.000535,0.01053,9.632e-05,9.537e-07,0.07397,0.0008574,1.026,0.001366,0,0
5680000000,5700000000,6238340468,2750,6640670,0.01749,0.008072,0.009674,0.000309,0.0005274,0.008148,0.0001888,9.537e-07,0.07568,0.002644,11.75,0.03217,0,0
5680000000,5700000000,6251277720,664,705826,0.05273,0.009415,0.01068,2.861e-06,2.956e-05,0.009598,1.049e-05,2.861e-06,0.06024,0.0001431,2.612,0.003126,0,0
5680000000,5681000000,6251994762,0,1332128,0.0,0.0,0.0,0.0,0.0,0.0,0.0,9.537e-07,0.0,0.0,1.3,0.002247,0,0
5680000000,5700000000,6251995937,395,766000,0.01974,0.003105,0.004448,0.001101,0.001307,0.006477,0.04651,0.0,0.04114,0.06982,1.051,0.0005864,0,0
5681000000,5700000000,4665712499,183,294933865,0.08044,0.05591,0.07324,0.002048,0.002697,0.05597,3.815e-06,0.0003738,0.1282,7.153e-05,4.843,0.01338,0,0
5681000000,5700000000,6206862915,106,3677160712,0.1426,0.04688,0.04858,0.0001917,0.0002756,0.047,0.0002518,8.297e-05,0.2754,0.0007143,1.445,0.001655,0,0
5681000000,5683000000,6218406404,709,1095655,0.0,0.0,0.0,0.0,0.0,0.0,3.529e-05,1.907e-06,0.0,7.153e-05,1.459,0.00249,0,0
5681000000,5700000000,6238340468,1548,2886921013,0.0195,0.01172,0.01425,5.15e-05,9.632e-05,0.01195,0.003334,9.537e-07,0.06958,0.02216,1.235,0.001812,0,0
5681000000,5700000000,6238340468,2042,431791373,0.01422,0.01036,0.01161,0.0001898,0.0003328,0.01038,0.001623,5.722e-06,0.0675,0.01929,3.051,0.006773,0,0
5681000000,5700000000,6238340468,2599,351607161,0.02625,0.01088,0.01161,0.0001688,0.000432,0.01105,0.0003462,4.768e-06,0.07532,0.003284,14.95,0.0477,0,0
5681000000,5700000000,6251277720,1855,789537090,0.04364,0.008636,0.0134,0.0005007,0.0006294,0.008652,0.0,3.815e-06,0.05511,0.0,4.27,0.007204,0,0
5681000000,5683000000,6251995937,371,1095655,0.0,0.0,0.0,0.0,0.0,0.0,0.0002146,0.0,0.0,0.0004282,0.9703,0.001204,0,0
5682000000,5700000000,6238340468,417,1436302498,0.02771,0.008072,0.009689,0.0004749,0.0007401,0.008209,0.0003805,4.768e-06,0.07043,0.003571,1.65,0.002965,0,0
5682000000,5700000000,6238340468,2031,717270,0.01947,0.01956,0.02127,0.0002756,0.0004091,0.01959,0.0002022,5.722e-06,0.0907,0.002571,12.38,0.03133,0,0
5682000000,5700000000,6238340468,2849,3311442104,0.06567,0.009537,0.009613,0.000844,0.001087,0.009583,0.0001678,9.537e-07,0.1191,0.001785,1.145,0.002551,0,0
5682000000,5700000000,6251974185,9,30790114,0.006493,0.001459,0.00362,0.0008192,0.001188,0.001734,0.0114,6.199e-05,0.08704,0.04474,1.036,0.00111,0,0
5682000000,5683000000,6252018928,0,1301865,0.0,0.0,0.0,0.0,0.0,0.0,0.0,1.24e-05,0.0,0.0,0.5794,0.0001529,0,0
5683000000,5700000000,4665896876,330,1273631,0.04736,0.06641,0.07727,0.00035,0.0009975,0.06653,3.815e-05,0.0003815,0.1106,0.0005713,2.349,0.00511,0,0
5683000000,5684000000,6221861800,3159,431039291,0.0008459,0.0,0.0,0.0,0.0,0.0,0.0,0.0001297,0.0008459,0.0,3.443,0.01002,0,0
5683000000,5700000000,6238340468,305,305376837,0.01456,0.0162,0.01721,0.0003157,0.0005646,0.01627,8.011e-05,1.907e-06,0.0686,0.0006428,14.4,0.047,0,0
5683000000,5700000000,6238340468,2128,1339593,0.01816,0.01175,0.01357,0.0001402,0.0002117,0.01205,0.000227,5.722e-06,0.07166,0.001858,1.175,0.001781,0,0
5683000000,5700000000,6251277720,528,317471658,0.04987,0.008469,0.009628,0.0001678,0.0003452,0.008499,0.0,2.861e-06,0.05731,0.0,2.805,0.003347,0,0
5683000000,5700000000,6251277720,1525,478267530,0.04675,0.009125,0.009659,0.000226,0.0004034,0.009171,3.815e-06,2.861e-06,0.06171,7.153e-05,3.973,0.00634,0,0
5683000000,5691000000,6251974185,569,294871455,0.0009737,0.0,0.0,0.0,0.0,0.0,4.768e-05,0.0,0.00779,0.0004282,4.325,0.01459,0,0
5683000000,5692000000,6251974185,604,2887748136,0.000701,0.0,0.0,0.0,0.0,0.0,1.621e-05,0.0,0.00631,0.0001431,3.57,0.0115,0,0
5683000000,5700000000,6251995937,1,2261245703,0.02039,0.002872,0.003857,0.0009975,0.0012,0.005783,0.04749,0.0,0.05365,0.1326,1.045,0.0004908,0,0
5683000000,5700000000,6251995937,552,929612868,0.01675,0.002258,0.003155,0.0007429,0.0009422,0.004349,0.03253,0.0,0.04669,0.1229,1.041,0.0007258,0,0
5683000000,5700000000,6251995937,763,682863,0.02048,0.002872,0.004417,0.00104,0.00124,0.006187,0.04218,0.0,0.04944,0.1331,1.101,0.001005,0,0
5684000000,5700000000,4665897969,123,1339756,0.2314,0.06641,0.07703,0.006775,0.007423,0.06665,8.488e-05,0.0003824,0.3203,0.0007858,0.8238,0.0006403,0,0
5684000000,5698000000,6221861800,3159,431039291,0.0,0.0,0.0,0.0,0.0,0.0,0.0,0.0001297,0.0,0.0,3.443,0.01002,0,0
5684000000,5700000000,6238340468,193,1340385,0.01691,0.01065,0.0116,9.823e-05,0.0003576,0.01071,6.676e-05,5.722e-06,0.07043,0.0007143,1.563,0.002697,0,0
5684000000,5699000000,6238340468,2236,328886602,0.01053,0.0143,0.01541,0.0001364,0.0004377,0.01434,0.0003805,9.537e-07,0.0675,0.002716,1.247,0.001973,0,0
5684000000,5699000000,6251277720,282,294908002,0.04443,0.008911,0.009552,4.768e-05,0.0001745,0.008957,0.0,2.861e-06,0.05731,0.0,3.32,0.00505,0,0
5684000000,5700000000,6251277720,1544,1436491870,0.0426,0.009933,0.01117,9.251e-05,0.000144,0.01022,0.0047,3.815e-06,0.06049,0.02866,3.578,0.005682,0,0
5684000000,5700000000,6251949326,102,1841542,0.008896,0.001314,0.001896,0.0001154,0.0002232,0.001362,0.0004416,9.537e-07,0.04602,0.003071,1.017,0.0009279,0,0
5684000000,5685000000,6251974185,658,3159564667,0.0,0.0,0.0,0.0,0.0,0.0,0.0,0.0,0.0,0.0,4.222,0.01502,0,0
5684000000,5700000000,6251995937,62,2781752128,0.01682,0.001827,0.002769,0.0005779,0.0007391,0.003849,0.03467,0.0,0.04944,0.1013,1.061,0.0009486,0,0
5685000000,5700000000,4665896876,305,200461284,0.01993,0.06738,0.07727,0.003197,0.003845,0.0675,9.537e-06,0.000371,0.04163,0.0001431,2.204,0.004232,0,0
5685000000,5700000000,6238340468,604,7781210,0.01581,0.009445,0.009674,1.717e-05,0.0002241,0.009521,7.153e-05,5.722e-06,0.0686,0.0007143,1.486,0.002535,0,0
5685000000,5700000000,6238340468,823,336038930,0.01648,0.008728,0.009537,0.0003042,0.0005407,0.008804,0.0001669,9.537e-07,0.0675,0.001286,1.829,0.003488,0,0
5685000000,5700000000,6238340468,1435,659894462,0.01236,0.007637,0.008759,0.0008621,0.001104,0.007675,0.0001335,9.537e-07,0.06995,0.001143,2.034,0.004172,0,0
5685000000,5700000000,6238340468,1842,1271681,0.01402,0.01366,0.01552,9.06e-05,0.0003462,0.0137,0.0001049,5.722e-06,0.07288,0.001072,2.727,0.006082,0,0
5685000000,5700000000,6251949326,174,491491871,0.008957,0.001356,0.001888,9.727e-05,0.0003109,0.001423,0.001177,9.537e-07,0.04889,0.005287,0.9908,0.0008417,0,0
5685000000,5700000000,6251995937,1129,3572027721,0.02097,0.002132,0.003216,0.0007448,0.0009241,0.004593,0.03772,0.0,0.04956,0.06812,0.9916,0.0008575,0,0
5685000000,5700000000,6252020538,34,381374,0.0005302,0.0005121,0.01553,3.147e-05,0.0002737,0.0005732,1.431e-05,0.0,0.007515,0.0002146,0.9978,0.001013,0,0
5685000000,5700000000,6252020538,39,6566931,0.0005541,0.0004873,0.01553,4.768e-06,0.0001869,0.0006094,7.629e-05,0.0,0.007904,0.001143,1.016,0.0009354,0,0
5686000000,5700000000,4665896876,282,1437360112,0.0184,0.06726,0.07727,0.002781,0.003429,0.06726,4.768e-06,0.000371,0.0451,7.153e-05,4.223,0.01177,0,0
5686000000,5700000000,6210690788,21,1918728792,0.02664,0.008545,0.01935,3.815e-05,9.346e-05,0.008652,0.0,0.0,0.05664,0.0,2.35,0.004754,0,0
5686000000,5700000000,6238340468,165,227426607,0.02908,0.00666,0.007675,0.0002766,0.0005331,0.006691,5.627e-05,0.0,0.06836,0.0006428,2.177,0.004404,0,0
5686000000,5700000000,6238340468,173,3349160388,0.01605,0.00914,0.009659,0.0001259,0.0003881,0.009445,0.0001478,9.537e-07,0.06921,0.001858,1.848,0.003904,0,0
5686000000,5700000000,6238340468,368,766872109,0.01094,0.01047,0.01161,5.531e-05,0.0003071,0.01048,8.202e-05,5.722e-06,0.05615,0.0003567,2.02,0.004469,0,0
5686000000,5700000000,6238340468,1153,902898,0.02167,0.0106,0.0116,0.0002089,0.0004549,0.01091,0.0001736,5.722e-06,0.09277,0.001429,2.21,0.004648,0,0
5686000000,5700000000,6238340468,2059,305376841,0.01524,0.009201,0.009659,0.0002127,0.0004425,0.009216,0.0003824,5.722e-06,0.06604,0.001999,2.343,0.005639,0,0
5686000000,5700000000,6238340468,2159,372629458,0.01593,0.0123,0.01355,0.0001726,0.0004416,0.01231,0.0002956,4.768e-06,0.07153,0.002285,15.7,0.0516,0,0
5686000000,5700000000,6238340468,2315,3890452312,0.01149,0.008362,0.009674,6.676e-05,0.0001202,0.008423,0.0003977,9.537e-07,0.06714,0.002857,1.823,0.003465,0,0
5686000000,5700000000,6238340468,2771,1269577,0.0128,0.01196,0.01357,0.0001211,0.000371,0.01199,8.678e-05,2.861e-06,0.06995,0.001072,2.317,0.004866,0,0
5686000000,5687000000,6251974185,238,171437833,0.0,0.0,0.0,0.0,0.0,0.0,0.0,0.0,0.0,0.0,1.002,0.0008356,0,0
5686000000,5700000000,6252020538,13,1673659,0.0008383,0.00068,0.01553,0.0002069,0.0004301,0.0007362,0.007401,0.0,0.005394,0.05267,2.437,0.005982,0,0
5687000000,5700000000,4665712499,21,4489441049,0.0434,0.06036,0.07715,0.001688,0.002335,0.06042,1.621e-05,0.0003786,0.0929,0.0001431,1.836,0.003246,0,0
5687000000,5700000000,6238340468,22,789152995,0.01611,0.01801,0.01938,0.0002289,0.0004873,0.01807,7.725e-05,5.722e-06,0.08435,0.0003567,1.217,0.001839,0,0
5687000000,5700000000,6238340468,671,930494415,0.01355,0.009262,0.009613,7.534e-05,0.0001411,0.009277,0.000226,5.722e-06,0.06909,0.001286,1.811,0.003136,0,0
5687000000,5700000000,6238340468,740,336034992,0.01131,0.009033,0.009674,2.289e-05,0.0002575,0.009048,0.0001869,9.537e-07,0.06665,0.002213,1.424,0.002631,0,0
5687000000,5700000000,6238340468,1317,7776858,0.02496,0.009521,0.0116,0.000104,0.0003529,0.009583,0.001358,9.537e-07,0.1304,0.005501,0.9739,0.001213,0,0
5687000000,5700000000,6238340468,1521,318406889,0.01599,0.009659,0.0116,0.0001774,0.0004311,0.009674,8.202e-05,5.722e-06,0.0769,0.0006428,10.26,0.02829,0,0
5687000000,5700000000,6238340468,2130,2851625,0.01181,0.01079,0.0116,0.0001831,0.0004301,0.01079,0.0002031,3.815e-06,0.06799,0.002144,1.909,0.00434,0,0
5687000000,5700000000,6238340468,2191,1332003,0.01501,0.007538,0.009659,0.0006504,0.0008907,0.007576,0.0001488,4.768e-06,0.07031,0.0009289,1.976,0.004805,0,0
5687000000,5700000000,6251277720,89,351662744,0.04352,0.009659,0.01146,6.962e-05,0.0002232,0.00975,0.0,2.861e-06,0.05579,0.0,1.801,0.002004,0,0
5687000000,5688000000,6251974185,1046,46296128,0.0,0.0,0.0,0.0,0.0,0.0,0.0,0.0,0.0,0.0,3.668,0.01135,0,0
5687000000,5700000000,6251995937,965,906240,0.02017,0.002014,0.00312,0.0006847,0.0008736,0.004295,0.03955,0.0,0.05878,0.1323,1.021,0.0004488,0,0
5687000000,5700000000,6252020538,19,346902635,0.0006943,0.000577,0.01555,2.956e-05,0.0001974,0.0007277,5.722e-06,0.0,0.00856,7.153e-05,29.0,0.1231,0,0
5688000000,5700000000,3996806186,44,4304743185,0.0,0.06195,0.08203,0.0001297,0.0002775,0.06207,1.812e-05,7.534e-05,0.0,0.0002146,1.071,0.001552,0,0
5688000000,5700000000,6238340468,27,1695468,0.0134,0.009735,0.01357,0.000308,0.0005236,0.009781,0.0003033,1.907e-06,0.06812,0.001785,1.549,0.003167,0,0
5688000000,5700000000,6238340468,122,6566745,0.01291,0.01418,0.01549,7.629e-05,0.0001163,0.01428,0.0001011,9.537e-07,0.06714,0.0004997,1.793,0.002802,0,0
5688000000,5700000000,6238340468,1174,1334011,0.01408,0.009094,0.009689,4.673e-05,0.0003052,0.009125,9.537e-05,4.768e-06,0.06946,0.0009995,2.14,0.004415,0,0
5688000000,5700000000,6238340468,1267,351636167,0.01712,0.01608,0.01743,0.0002642,0.000514,0.01617,0.0001726,5.722e-06,0.06946,0.001928,2.089,0.005018,0,0
5688000000,5700000000,6238340468,2763,257498392,0.01302,0.009949,0.01157,4.959e-05,0.0001888,0.009979,0.0001841,5.722e-06,0.0675,0.001143,2.03,0.004314,0,0
5688000000,5700000000,6251277720,100,317477820,0.04938,0.009125,0.009644,0.0002785,0.0004482,0.009186,0.0,2.861e-06,0.05804,0.0,1.722,0.00138,0,0
5688000000,5700000000,6251277720,1850,351612264,0.03052,0.009659,0.01143,0.0002384,0.0003624,0.009888,0.004311,2.861e-06,0.1389,0.02008,4.259,0.006592,0,0
5688000000,5690000000,6251812952,1155,3488049975,0.0,0.0,0.0,0.0,0.0,0.0,0.0,0.0,0.0,0.0,1.372,0.001737,0,0
5688000000,5700000000,6251949326,13,3305896582,0.03387,0.00144,0.001888,0.0001535,0.0002613,0.001459,0.00396,9.537e-07,0.05841,0.007645,5.034,0.01607,0,0
